ที่ทำการ,รหัสไปรษณีย์,ตำแหน่ง,เบอร์โทรศัพท์,สังกัด
สำนักงานไปรษณีย์เขต 6,ฝปข.6,ฝปข.6,091-7723111,ปข.6
สำนักงานไปรษณีย์เขต 6,ผช.ฝปข.6,ผช.ฝปข.6 (ป),062-1955613,ปข.6
สำนักงานไปรษณีย์เขต 6,ผช.ฝปข.6,ผช.ฝปข.6 (ธ),091-7719071,ปข.6
สำนักงานไปรษณีย์เขต 6,รป.,หรป.,062-6045346,ปข.6
สำนักงานไปรษณีย์เขต 6,รป.,งานซ่อมบำรุง,062-6045354,ปข.6
สำนักงานไปรษณีย์เขต 6,รป.,งานเครือข่าย,062-6045347,ปข.6
สำนักงานไปรษณีย์เขต 6,รป.,งานรับฝากและส่งต่อ,062-6045345,ปข.6
สำนักงานไปรษณีย์เขต 6,รป.,งานนำจ่าย,062-6045349,ปข.6
สำนักงานไปรษณีย์เขต 6,อบ.,หอบ.,091-7723746,ปข.6
สำนักงานไปรษณีย์เขต 6,อบ.,งานเจ้าหน้าที่,091-7718858,ปข.6
สำนักงานไปรษณีย์เขต 6,อบ.,งานพัฒนาบุคลากร,062-6045355,ปข.6
สำนักงานไปรษณีย์เขต 6,อบ.,งานธุรการ,062-6045350,ปข.6
สำนักงานไปรษณีย์เขต 6,อบ.,งานกฎหมาย,091-7723744,ปข.6
สำนักงานไปรษณีย์เขต 6,อบ.,งานความปลอดภัยและชีวนามัย,065-9356053,ปข.6
สำนักงานไปรษณีย์เขต 6,ตล.,หตล.,062-6045351,ปข.6
สำนักงานไปรษณีย์เขต 6,ทข.,งานทีมขาย,091-7718728,ปข.6
สำนักงานไปรษณีย์เขต 6,ทข.,งานดูแลลูกค้า,091-7718727,ปข.6
สำนักงานไปรษณีย์เขต 6,ทข.,งานดูแลลูกค้า,091-7718773,ปข.6
สำนักงานไปรษณีย์เขต 6,ทพ.,หทพ.,062-604-5022,ปข.6
สำนักงานไปรษณีย์เขต 6,ทพ.,งานจัดจ้าง,091-771-9072,ปข.6
สำนักงานไปรษณีย์เขต 6,ทพ.,งานยานพาหนะ,091-771-9067,ปข.6
สำนักงานไปรษณีย์เขต 6,ทพ.,คลังพัสดุ ปข.6,091-771-9070,ปข.6
สำนักงานไปรษณีย์เขต 6,ทพ.,งานจัดซื้อ,064-270-4840,ปข.6
สำนักงานไปรษณีย์เขต 6,ตล.,งานแผนงานและประเมินผล,091-7719075,ปข.6
สำนักงานไปรษณีย์เขต 6,ตล.,งานตลาด,091-7723742,ปข.6
สำนักงานไปรษณีย์เขต 6,บค.,หบค.,091-7723749,ปข.6
สำนักงานไปรษณีย์เขต 6,บค.,งานควบคุมคุณภาพบริการ,062-6045348,ปข.6
สำนักงานไปรษณีย์เขต 6,บค.,งานตรวจสอบและสอบสวน,090-980-5602,ปข.6
สำนักงานไปรษณีย์เขต 6,บค.,งานแก้ไขปัญหา COD และ e-Parcel,091-7719073,ปข.6
สำนักงานไปรษณีย์เขต 6,กง.,หกง.,091-7719074,ปข.6
สำนักงานไปรษณีย์เขต 6,กง.,งานการบัญชี,062-6045352,ปข.6
สำนักงานไปรษณีย์เขต 6,กง.,งานงบประมาณและการเงิน,064-2704713,ปข.6
สำนักงานไปรษณีย์เขต 6,กง.,งานบริการการเงินและบริหารการเงิน,064-2704598,ปข.6
สำนักงานไปรษณีย์เขต 6,ทข.,หทข,091-7723740,ปข.6
สำนักงานไปรษณีย์เขต 6,รป.,งานบริการพิเศษ,064-264-6570,ปข.6
ปจ.นครสวรรค์,60000,หน.ปจ.นครสวรรค์,091-7723745,ปข.6
ปจ.นครสวรรค์,60000,ผช.หน.ปจ.นครสวรรค์(ต.1),091-7719076,ปข.6
ปจ.นครสวรรค์,60000,ผช.หน.ปจ.นครสวรรค์ (ป),091-7723735,ปข.6
ปจ.นครสวรรค์,60000,หนผ.ตข,091-7721251,ปข.6
ปจ.นครสวรรค์,60000,หนผ.อก,091-7719038,ปข.6
ปจ.นครสวรรค์,60000,ผบป.,091-7719069,ปข.6
ปจ.นครสวรรค์,60000,หนผ.นจ.1,091-7723738,ปข.6
ปจ.นครสวรรค์,60000,หนส.8,091-7723736,ปข.6
ปจ.นครสวรรค์,60000,ซนจ.6,091-7719068,ปข.6
ปจ.นครสวรรค์,60000,ซนจ.นจ.1,091-7723743,ปข.6
ปจ.นครสวรรค์,60000,หนผ.นจ.2,091-7723732,ปข.6
ปจ.นครสวรรค์,60000,ซนจ.นจ.2,091-7723728,ปข.6
คปณ.บิ๊กซี2,200,หน.คปณ.,091-7723739,ปข.6
หน.ปณ.สวรรค์วิถี,60001,หน.ปณ.,091-7719034,ปข.6
หน.ปณ.จิรประวัติ,60002,หน.ปณ.,091-7719041,ปข.6
หน.ปณ.หนองบัว,60110,หน.ปณ.,091-7722513,ปข.6
หน.ปณ.ชุมแสง,60120,หน.ปณ.,091-7722512,ปข.6
หน.ปณ.พยุหะคีรี,60130,หน.ปณ.,091-7722517,ปข.6
หน.ปณ.ตาคลี,60140,หน.ปณ.,091-7722528,ปข.6
หน.ปณ.ลาดยาว,60150,หน.ปณ.,091-7722520,ปข.6
หน.ปณ.ท่าตะโก,60160,หน.ปณ.,091-7722522,ปข.6
หน.ปณ.โกรกพระ,60170,หน.ปณ.,091-7722506,ปข.6
หน.ปณ.บรรพตพิสัย,60180,หน.ปณ.,091-7722521,ปข.6
หน.ปณ.ตากฟ้า,60190,หน.ปณ.,091-7716691,ปข.6
หน.ปณ.ชุ่องแค,60210,หน.ปณ.,091-7716696,ปข.6
หน.ปณ.ไพศาลี,60220,หน.ปณ.,091-7716698,ปข.6
หน.ปณ.เก้าเลี่ยว,60230,หน.ปณ.,091-7716705,ปข.6
หน.ปณ.หนองเบน,60240,หน.ปณ.,091-7716707,ปข.6
หน.ปณ.ทับกฤช,60250,หน.ปณ.,091-7716701,ปข.6
หน.ปณ.จันเสน,60260,หน.ปณ.,091-7716685,ปข.6
ปจ.อุทัยธานี,61000,หน.ปจ.อุทัยธานี,091-771-6700,ปข.6
ปจ.อุทัยธานี,61000,ผช.หน.ปจ.อุทัยธานี,091-771-9030,ปข.6
ปจ.อุทัยธานี,61000,พนจ.6 ปฏิบัติหน้าที่ ซนจ.,09-1771-6709,ปข.6
ปจ.อุทัยธานี,61000,พนจ.4 ปฏิบัติหน้าที่ ซนจ.,09-1771-6690,ปข.6
ปณภ.หนองฉาง,61110,หน.ปณ.หนองฉาง,091-771-6694,ปข.6
ปณภ.ทัพทัน,61120,หน.ปณ.ทัพทัน,091-771-6692,ปข.6
ปณภ.หนองขาหย่าง,61130,หน.ปณ.หนองขาหย่าง,091-772-3609,ปข.6
ปณภ.บ้านไร่,61140,หน.ปณ.บ้านไร่,091-7723601,ปข.6
ปณภ.สว่างอารมณ์,61150,หน.ปณ.สว่างอารมณ์,091-772-3603,ปข.6
ปณภ.ลานสัก,61160,หน.ปณ.ลานสัก,091-772-3618,ปข.6
ปณภ.เขาบางแกรก,61170,หน.ปณ.เขาบางแกรก,091-772-3599,ปข.6
ปณภ.เมืองการุ้ง,61180,หน.ปณ.เมืองการุ้ง,091-772-3604,ปข.6
ปจ.กำแพงเพชร,62000,หน.ปจ.กำแพงเพชร,091-772-3600,ปข.6
ปจ.กำแพงเพชร,62000,ผช.หน.ปจ.กำแพงเพชร (ต),091-772-3613,ปข.6
ปจ.กำแพงเพชร,62000,หัวหน้าโซนนำจ่าย,091-772-3614,ปข.6
ปจ.กำแพงเพชร,62000,ผช.หน.ปจ.กำแพงเพชร (ป),091-771-9035,ปข.6
ปจ.กำแพงเพชร,62000,หนผ.นจ.ปจ.กำแพงเพชร,091-771-9036,ปข.6
ปจ.กำแพงเพชร,62000,พปท.2,091-772-1255,ปข.6
คปณ.เจริญสุข,94,พปณ.3,064-264-9703,ปข.6
คปณ.ชากังราว,89,พปณ.6,064-264-7907,ปข.6
ปจ.กำแพงเพชร,62000,หนผ.ปด.กำแพงเพชร,091-771-9039,ปข.6
พรานกระต่าย,62110,หน.ปณ.,091-772-3597,ปข.6
คลองขลุง,62120,หน.ปณ.,091-772-0246,ปข.6
ขาณุวรลักษบุรี,62130,หน.ปณ.,091-771-9900,ปข.6
สลกบาตร,62140,หน.ปณ.,091-772-0330,ปข.6
ไทรงาม,62150,หน.ปณ.,091-772-0055,ปข.6
ปากดง,62160,หน.ปณ.,091-772-0044,ปข.6
ลานกระบือ,62170,หน.ปณ.,091-772-0444,ปข.6
คลองลาน,62180,หน.ปณ.,091-772-0808,ปข.6
ทุ่งทราย,62190,หน.ปณ.,091-771-9797,ปข.6
ระหาน,62210,หน.ปณ.,091-772-0606,ปข.6
ปจ.ตาก,63000,หน.ปจ.ตาก,091-772-0600,ปข.6
ปจ.ตาก,63000,ผช.หน.ปจ.ตาก (ป),091-771-9018,ปข.6
ปจ.ตาก,63000,ผช.หน.ปจ.ตาก (ต),091-771-9028,ปข.6
ปจ.ตาก,63000,ผตข.,091-772-0608,ปข.6
ปจ.ตาก,63000,ผนจ.,091-772-0610,ปข.6
ปจ.ตาก,63000,ร/ก ผบป.,091-772-0613,ปข.6
ปณภ.แม่สอด,63110,หน.ปณ.,091-772-0615,ปข.6
ปณภ.แม่สอด,63110,ผนจ.,091-7720505,ปข.6
คปณ.ตลาดริมเมย,58,พปณ.4,064-264-6938,ปข.6
ปณฝ.อินทรคีรี,63111,หน.ปณ.,062-604-5516,ปข.6
ปณภ.บ้านตาก,63120,หน.ปณ.,091-772-0618,ปข.6
ปณภ.สามเงา,63130,หน.ปณ.,091-772-0617,ปข.6
ปณภ.แม่ระมาด,63140,หน.ปณ.,091-772-0597,ปข.6
ปณภ.ท่าสองยาง,63150,ร/ก หน.ปณ.,091-772-0596,ปข.6
ปณภ.พบพระ,63160,ร/ก หน.ปณ.,091-772-0607,ปข.6
ปณภ.อุ้มผาง,63170,หน.ปณ.,091-772-0604,ปข.6
ปณภ.วังเจ้า,63180,หน.ปณ.,062-604-5515,ปข.6
ปจ.สุโขทัย,64000,หน.ปจ.สุโขทัย,091-772-0498,ปข.6
ปจ.สุโขทัย,64000,ผช.หน.ปจ.สุโขทัย(ต),091-771-9033,ปข.6
ปจ.สุโขทัย,64000,ผช.หน.ปจ.สุุโขทัย(ป),091-771-9040,ปข.6
ปจ.สุโขทัย,64000,ผปด.,091-772-0503,ปข.6
ปจ.สุโขทัย,64000,ผตข.,062-604-5935,ปข.6
ปจ.สุโขทัย,64000,ทีมขาย,091-771-8795,ปข.6
ปณ.สวรรคโลก,64110,หน.ปณ.สวรรคโลก,091-772-0518,ปข.6
ปณ.ศรีสำโรง,64120,หน.ปณ.ศรีสำโรง,091-772-0512,ปข.6
ปณ.ศรีสัชนาลัย,64130,หน.ปณ.ศรีสัชนาลัย,091-772-0502,ปข.6
ปณ.บ้านด่านลานหอย,64140,หน.ปณ.บ้านด่านลานหอย,091-772-0499,ปข.6
ปณ.ทุ่งเสลี่ยม,64150,หน.ปณ.ทุ่งเสลี่ยม,091-772-0504,ปข.6
ปณ.คีรีมาศ,64160,หน.ปณ.คีรีมาศ,091-772-0513,ปข.6
ปณ.กงไกรลาศ,64170,หน.ปณ.กงไกรลาศ,091-772-3757,ปข.6
ปณ.ศรีนคร,64180,หน.ปณ.ศรีนคร,091-772-3764,ปข.6
ปณ.ท่าชัย,64190,หน.ปณ.ท่าชัย,091-772-3758,ปข.6
ปณ.เมืองเก่า,64210,หน.ปณ.เมืองเก่า,091-772-3761,ปข.6
ปณ.บ้านสวน,64220,หน.ปณ.บ้านสวน,091-772-3778,ปข.6
ปณ.บ้านใหม่ไชยมงคล,64230,หน.ปณ.บ้านใหม่ไชยมงคล,091-772-3753,ปข.6
ปจ.พิษณุโลก,65000,หน.ปจ.,091-7723767,ปข.6
ปจ.พิษณุโลก,65000,ผช.หน.ปจ.(ต),091-7723769,ปข.6
ปจ.พิษณุโลก,65000,ผช.หน.ปจ.(ป),091-7719031,ปข.6
ปจ.พิษณุโลก,65000,ผนจ.1,091-7719570,ปข.6
ปจ.พิษณุโลก,65000,ผนจ.2,091-7719024,ปข.6
ปจ.พิษณุโลก,65000,ผตข.,091-7723771,ปข.6
ปจ.พิษณุโลก,65000,หนง.นจ.1,091-7723768,ปข.6
ปจ.พิษณุโลก,65000,หนจ.นจ.2,091-7723756,ปข.6
ปจ.พิษณุโลก,65000,ผบป.,091-7719027,ปข.6
ปจ.พิษณุโลก,65000,ผอก.,091-7723770,ปข.6
ปจ.พิษณุโลก,36,หน.คปณ.มน.,090-9074410,ปข.6
ปจ.พิษณุโลก,61,หน.คปณ.บรมไตรฯ,064-2647081,ปข.6
ปจ.พิษณุโลก,112,หน.คปณ.สี่แยกฯ,064-2374610,ปข.6
ปจ.พิษณุโลก,287,หน.คปณ.ท่าโพธิ์,065-5047668,ปข.6
ปจ.พิษณุโลก,303,หน.คปณ.บ้านคลอง,091-7718596,ปข.6
ปจ.พิษณุโลก,65000,นายเวรรับฝาก,065-5071606,ปข.6
ปจ.พิษณุโลก,65000,งานรอจ่ายชั้น 2,091-7723774,ปข.6
ปจ.พิษณุโลก,65000,ปจ.พิษณุโลก,090-9074423,ปข.6
ปณ.อรัญญิก,65001,หน.ปณ.อรัญญิก,091-7719029,ปข.6
ปณ.บางกระทุ่ม,65110,หน.ปณ.บางกระทุ่ม,091-7720483,ปข.6
ปณ.นครไทย,65120,หน.ปณ.นครไทย,091-7720495,ปข.6
ปณ.วังทอง,65130,หน.ปณ.วังทอง,091-7720473,ปข.6
ปณ.บางระกำ,65140,หน.ปณ.บางระกำ,091-7720482,ปข.6
ปณ.พรหมพิราม,65150,หน.ปณ.พรหมพิราม,091-7720492,ปข.6
ปณ.วัดโบสถ์,65160,หน.ปณ.วัดโบสถ์,091-7720474,ปข.6
ปณ.ชาติตระการ,65170,หน.ปณ.ชาติตระการ,091-7720432,ปข.6
ปณ.หนองตม,65180,หน.ปณ.หนองตม,091-7720434,ปข.6
ปณ.เนินมะปราง,65190,หน.ปณ.เนินมะปราง,091-7720426,ปข.6
ปณ.เนินกุ่ม,65210,หน.ปณ.เนิินกุ่ม,091-7720423,ปข.6
ปณ.แก่งโสภา,65220,หน.ปณ.แก่งโสภา,091-7720427,ปข.6
ปณ.วัดพริก,65230,หน.ปณ.วัดพริก,091-7720430,ปข.6
ปณ.ชุมแสงสงคราม,65240,หน.ปณ.ชุมแสงสงคราม,091-7720448,ปข.6
ปจ.พิจิตร,66000,หน.ปจ.พิจิตร,091-772-04398,ปข.6
ปจ.พิจิตร,66000,ผช.หน.ปจ.พิจิตร (ต),091-771-9019,ปข.6
ปจ.พิจิตร,66000,ผช.หน.ปจ.พิจิตร(ป),091-771-9023,ปข6
ปจ.พิจิตร,66000,ผนจ.,091-772-0428,ปข.6
ปจ.พิจิตร,66000,ซนจ.,062-6045364,ปข.6
ปณ.ตะพานหิน,66110,หน.ปณ.,091-772-0447,ปข.6
ปณ.ตะพานหิน,66110,งานรับฝาก/EMS,091-7720442,ปข.6
ปณ.บางมูลนาก,66120,หน.ปณ,091-772-3546,ปข.6
ปณ.บางมูลนาก,66120,งานรับฝาก/EMS,062-6045365,ปข.6
ปณ.โพทะเล,66130,หน.ปณ,091-772-3552,ปข.6
ปณ.สามง่าม,66140,หน.ปณ,091-772-3554,ปข.6
ปณ.ทับคล้อ,66150,ร/ก หน.ปณ,091-772-3568,ปข.6
ปณ.สากเหล็ก,66160,หน.ปณ,091-772-3550,ปข.6
ปณ.หัวดง,66170,หน.ปณ,091-772-3563,ปข.6
ปณ.วังทรายพูน,66180,หน.ปณ,091-772-3561,ปข.6
ปณ.โพธิ์ประทับช้าง,66190,หน.ปณ,091-772-3551,ปข.6
ปณ.วังตะกู,66210,หน.ปณ,091-772-3562,ปข.6
ปณ.กำแพงดิน,66220,หน.ปณ,091-772-0458,ปข.6
ปณ.เขาทราย,66230,หน.ปณ,091-772-0466,ปข.6
ปจ.เพชรบูรณ์,67000,หน.ปจ.เพชรบูรณ์,091-771-9022,ปข.6
ปจ.เพชรบูรณ์,67000,ผช.หน.ปจ.เพชรบูรณ์ (ต),091-772-0464,ปข.6
ปจ.เพชรบูรณ์,67000,ผช.หน.ปจ.เพชรบูรณ์ (ป),091-771-9026,ปข6
ปจ.เพชรบูรณ์,67000,ผอก.,091-772-0463,ปข6
ปจ.เพชรบูรณ์,67000,ทีมขาย,091-772-1256,ปข.6
ปจ.เพชรบูรณ์,67000,ผบป.,091-772-0468,ปข.6
ปจ.เพชรบูรณ์,67000,ผตข.,091-772-0457,ปข.6
ปจ.เพชรบูรณ์,67000,ซนจ.นจ.,091-771-9032,ปข.6
ปจ.เพชรบูรณ์,67000,ซนจ.นจ.,091-772-0462,ปข.6
ปจ.เพชรบูรณ์,67001,ซนจ.นจ.,095-945-6295,ปข.6
ปจ.เพชรบูรณ์,67002,ซนจ.นจ.,062-906-7808,ปข.6
ปณ.หล่มสัก,67110,หน.ปณ,091-772-0450,ปข.6
ปณ.หล่มเก่า,67120,หน.ปณ,091-772-0453,ปข.6
ปณ.วิเชียรบุรี,67130,หน.ปณ,091-772-1444,ปข.6
ปณ.หนองไผ่,67140,หน.ปณ,091-772-0456,ปข.6
ปณ.ชนแดน,67150,หน.ปณ,091-772-0449,ปข.6
ปณ.บึงสามพัน,67160,หน.ปณ,091-772-3726,ปข.6
ปณ.ศรีเทพ,67170,หน.ปณ,091-772-3716,ปข.6
ปณ.พุเตย,67180,หน.ปณ,091-772-3720,ปข.6
ปณ.ดงขุย,67190,หน.ปณ,091-772-3725,ปข.6
ปณ.วังชมภู,67210,หน.ปณ,091-772-3712,ปข.6
ปณ.นาเฉลียง,67220,หน.ปณ,091-772-3707,ปข.6
ปณ.วังพิกุล,67230,หน.ปณ,062-6045366,ปข.6
ปณ.วังโป่ง,67240,หน.ปณ,091-772-3705,ปข.6
ปณ.ท่าพล,67250,หน.ปณ,091-772-3724,ปข.6
ปณ.น้ำหนาว,67260,หน.ปณ,091-772-3708,ปข.6
ปณ.เขาค้อ,67270,หน.ปณ,091-772-3704,ปข.6
ปณ.เขาค้อ,67270,ติดต่อประสานที่พัก,062-6045367,ปข.6
ปณ.แคมป์สน,67280,หน.ปณ,091-772-3723,ปข.6
ปจ.เพชรบูรณ์,67000,ผนจ.,091-772-0472,ปข.6
ศป.นครสวรรค์,60010,หนผ.8 (ปด),091-7723748,ปข.6
ศป.นครสวรรค์,60010,หนผ.7 (อส),062-6045357,ปข.6
ศป.นครสวรรค์,60010,หนผ.8 (สข),062-6045356,ปข.6
ศป.นครสวรรค์,60010,ผช.หน.ศป.นครสวรรค์,091-7723734,ปข.6
ศป.นครสวรรค์,60010,หน.ศป.นครสวรรค์,091-7719037,ปข.6
ศป.พิษณุโลก,65010,หน.ศป.,091-772-0511,ปข.6
ศป.พิษณุโลก,65010,ผช.หน.ศป.,091-771-9025,ปข.6
ศป.พิษณุโลก,65010,นายเวร ค  สข.,091-772-0520,ปข.6
ศป.กรุงเทพฯ,10000,CEC,088-987-8293,ปน.3
ศป.สุวรรณภูมิ,10001,CEC,088-987-8294,ปน.4
ศป.หลักสี่,10010,CEC,088-987-8295,ปน.1
ศป.EMS,10020,CEC,088-987-8300,ปน.1
ศูนย์รับฝากไปรษณีย์จำนวนมากแจ้งวัฒนะ,10214,CEC,088-987-8301,ปน.1
ปณศ.พลับพลาไชย,10100,CEC,088-987-8302,ปน.1
ปณศ.พลับพลาไชย,10100,CEC,088-987-8305,ปน.1
ปณศ.ราชดำเนิน,10200,CEC,088-987-8306,ปน.1
ปณศ.ราชดำเนิน,10200,CEC,088-987-8307,ปน.1
ปณศ.หลักสี่,10210,CEC,088-987-8309,ปน.1
ปณศ.หลักสี่,10210,CEC,088-987-8310,ปน.1
ปณศ.ดุสิต,10300,CEC,088-987-8311,ปน.1
ปณศ.ดุสิต,10300,CEC,088-987-8313,ปน.1
ปณศ.สามเสนใน,10400,CEC,088-987-8314,ปน.1
ปณศ.สามเสนใน,10400,CEC,088-987-8315,ปน.1
ปณศ.บางซื่อ,10800,CEC,088-987-8316,ปน.1
ปณศ.บางซื่อ,10800,CEC,088-987-8318,ปน.1
ปณศ.จตุจักร,10900,CEC,088-987-8319,ปน.1
ปณศ.จตุจักร,10900,CEC,088-987-8320,ปน.1
ปณศ.นนทบุรี,11000,CEC,088-987-8322,ปน.1
ปณศ.นนทบุรี,11000,CEC,088-987-8323,ปน.1
ปณศ.บางบัวทอง,11110,CEC,088-987-8324,ปน.1
ปณศ.บางบัวทอง,11110,CEC,088-987-8325,ปน.1
ปณศ.ปากเกร็ด,11120,CEC,088-987-8326,ปน.1
ปณศ.ปากเกร็ด,11120,CEC,088-987-8327,ปน.1
ปณศ.บางกรวย,11130,CEC,088-987-8328,ปน.1
ปณศ.บางกรวย,11130,CEC,088-987-8329,ปน.1
ปณภ.บางใหญ่,11140,CEC,088-987-8330,ปน.1
ปณภ.บางใหญ่,11140,CEC,088-987-8334,ปน.1
ปณภ.ไทรน้อย,11150,CEC,088-987-8335,ปน.1
ปน.1 ส่วนควบคุมคุณภาพและดูแลลูกค้า,10400,CEC,088-987-8336,ปน.1
ปณศ.รามอินทรา,10220,CEC,088-987-8337,ปน.2
ปณศ.รามอินทรา,10220,CEC,088-987-8341,ปน.2
ปณศ.จรเข้บัว,10230,CEC,088-987-8342,ปน.2
ปณศ.จรเข้บัว,10230,CEC,088-987-8343,ปน.2
ศูนย์รับฝากไปรษณีย์จำนวนมากโชคชัย 4,10232,CEC,088-987-8344,ปน.2
ปณศ.คลองจั่น,10240,CEC,088-987-8345,ปน.2
ปณศ.คลองจั่น,10240,CEC,088-987-8346,ปน.2
ปณศ.ลาดพร้าว,10310,CEC,088-987-8351,ปน.2
ปณศ.ลาดพร้าว,10310,CEC,088-987-8352,ปน.2
ศูนย์รับฝากไปรษณีย์จำนวนมากบดินทรเดชา,10312,CEC,088-987-8353,ปน.2
ปณศ.มีนบุรี,10510,CEC,088-987-8354,ปน.2
ปณศ.มีนบุรี,10510,CEC,088-987-8355,ปน.2
ปณศ.ลาดกระบัง,10520,CEC,088-987-8356,ปน.2
ปณศ.ลาดกระบัง,10520,CEC,088-987-8357,ปน.2
ปณภ.หนองจอก,10530,CEC,088-987-8359,ปน.2
ปณศ.ปทุมธานี,12000,CEC,088-987-8360,ปน.2
ปณศ.ปทุมธานี,12000,CEC,088-987-8361,ปน.2
ปณภ.ธัญบุรี,12110,CEC,088-987-8362,ปน.2
ปณศ.คลองหลวง,12120,CEC,088-987-8363,ปน.2
ปณศ.คลองหลวง,12120,CEC,088-987-8364,ปน.2
ปณศ.รังสิต,12130,CEC,088-987-8366,ปน.2
ปณศ.รังสิต,12130,CEC,088-987-8367,ปน.2
ปณภ.ลาดหลุมแก้ว,12140,CEC,088-987-8368,ปน.2
ปณภ.ลำลูกกา,12150,CEC,088-987-8371,ปน.2
ปณภ.ลำลูกกา,12150,CEC,088-987-8372,ปน.2
ปณภ.สามโคก,12160,CEC,088-987-8373,ปน.2
ปณภ.หนองเสือ,12170,CEC,088-987-8374,ปน.2
ปน.2 ส่วนควบคุมคุณภาพและดูแลลูกค้า,10400,CEC,088-987-8375,ปน.2
ปณศ.ยานนาวา,10120,CEC,088-987-8377,ปน.3
ปณศ.ยานนาวา,10120,CEC,088-987-8378,ปน.3
ปณศ.บางขุนเทียน,10150,CEC,088-987-8385,ปน.3
ปณศ.บางขุนเทียน,10150,CEC,088-987-8386,ปน.3
ปณศ.ภาษีเจริญ,10160,CEC,088-987-8387,ปน.3
ปณศ.ภาษีเจริญ,10160,CEC,088-987-8388,ปน.3
ศูนย์รับฝากไปรษณีย์จำนวนมากเพชรเกษม 81,10164,CEC,088-987-8390,ปน.3
ปณศ.ตลิ่งชัน,10170,CEC,088-987-8391,ปน.3
ปณศ.ตลิ่งชัน,10170,CEC,088-987-8393,ปน.3
ปณศ.รองเมือง,10330,CEC,088-987-8394,ปน.3
ปณศ.รองเมือง,10330,CEC,088-987-8401,ปน.3
ศูนย์รับฝากไปรษณีย์จำนวนมากหัวลำโพง,10331,CEC,088-987-8402,ปน.3
ปณศ.บางรัก,10500,CEC,088-987-8404,ปน.3
ปณศ.บางรัก,10500,CEC,088-987-8405,ปน.3
ปณฝ.กลาง,10501,CEC,088-987-8406,ปน.3
ปณศ.สำเหร่,10600,CEC,088-987-8407,ปน.3
ปณศ.สำเหร่,10600,CEC,088-987-8411,ปน.3
ปณศ.บางกอกน้อย,10700,CEC,088-987-8412,ปน.3
ปณศ.บางกอกน้อย,10700,CEC,088-987-8413,ปน.3
ปน.3 ส่วนควบคุมคุณภาพและดูแลลูกค้า,10500,CEC,088-987-8414,ปน.3
ปณศ.พระโขนง,10110,CEC,088-987-8415,ปน.4
ปณศ.พระโขนง,10110,CEC,088-987-8416,ปน.4
ปณศ.พระประแดง,10130,CEC,088-987-8418,ปน.4
ปณศ.พระประแดง,10130,CEC,088-987-8419,ปน.4
ปณศ.ราษฎร์บูรณะ,10140,CEC,088-987-8420,ปน.4
ปณศ.ราษฎร์บูรณะ,10140,CEC,088-987-8421,ปน.4
ปณศ.อ่อนนุช,10250,CEC,088-987-8422,ปน.4
ปณศ.อ่อนนุช,10250,CEC,088-987-8423,ปน.4
ศูนย์รับฝากไปรษณีย์จำนวนมากอ่อนนุช 28,10255,CEC,088-987-8424,ปน.4
ปณศ.บางนา,10260,CEC,088-987-8431,ปน.4
ปณศ.บางนา,10260,CEC,088-987-8432,ปน.4
ปณศ.สมุทรปราการ,10270,CEC,088-987-8436,ปน.4
ปณศ.สมุทรปราการ,10270,CEC,088-987-8437,ปน.4
ปณศ.บางปู,10280,CEC,088-987-8438,ปน.4
ปณศ.บางปู,10280,CEC,088-987-8442,ปน.4
ปณศ.พระสมุทรเจดีย์,10290,CEC,088-987-8443,ปน.4
ปณศ.พระสมุทรเจดีย์,10290,CEC,088-987-8445,ปน.4
ปณศ.บางพลี,10540,CEC,088-987-8446,ปน.4
ปณศ.บางพลี,10540,CEC,088-987-8451,ปน.4
ปณภ.คลองด่าน,10550,CEC,088-987-8452,ปน.4
ปณภ.บางบ่อ,10560,CEC,088-987-8454,ปน.4
ปณภ.บางเสาธง,10570,CEC,088-987-8455,ปน.4
ปน.4 ส่วนควบคุมคุณภาพและดูแลลูกค้า,10500,CEC,088-987-8457,ปน.4
ปจ.พระนครศรีอยุธยา,13000,CEC,088-987-8458,ปข.1
ปจ.พระนครศรีอยุธยา,13000,CEC,088-987-8459,ปข.1
ปณภ.บางปะหัน,13220,CEC,088-987-8462,ปข.1
ปณภ.ท่าเรือ,13130,CEC,088-987-8463,ปข.1
ปณภ.ลาดบัวหลวง,13230,CEC,088-987-8468,ปข.1
ปณภ.เสนา,13110,CEC,088-987-8469,ปข.1
ปณภ.บางไทร,13190,CEC,088-987-8472,ปข.1
ปณภ.ภาชี,13140,CEC,088-987-8473,ปข.1
ปณภ.นครหลวง,13260,CEC,088-987-8477,ปข.1
ปณภ.บางปะอิน,13160,CEC,088-987-8478,ปข.1
ปณภ.วังน้อย,13170,CEC,088-987-8479,ปข.1
ปณภ.ประตูน้ำพระอินทร์,13180,CEC,088-987-8481,ปข.1
ปณภ.อุทัย,13210,CEC,088-987-8482,ปข.1
ปณภ.มหาราช,13150,CEC,088-987-8485,ปข.1
ปณภ.บ้านแพรก,13240,CEC,088-987-8486,ปข.1
ปณภ.บางบาล,13250,CEC,088-987-8487,ปข.1
ปณภ.ผักไห่,13120,CEC,088-987-8488,ปข.1
ปณภ.บางซ้าย,13270,CEC,088-987-8489,ปข.1
ปณภ.ลาดชะโด,13280,CEC,088-987-8490,ปข.1
ปณภ.ศูนย์ศิลปาชีพบางไทร,13290,CEC,088-987-8496,ปข.1
ศป.พระนครศรีอยุธยา,13010,CEC,088-987-8497,ปข.1
ปจ.อ่างทอง,14000,CEC,088-987-8502,ปข.1
ปจ.อ่างทอง,14000,CEC,088-987-8503,ปข.1
ปณภ.โพธิ์ทอง,14120,CEC,088-987-8504,ปข.1
ปณภ.วิเศษชัยชาญ,14110,CEC,088-987-8506,ปข.1
ปณภ.ป่าโมก,14130,CEC,088-987-8507,ปข.1
ปณภ.แสวงหา,14150,CEC,088-987-8508,ปข.1
ปณภ.สามโก้,14160,CEC,088-987-8509,ปข.1
ปณภ.ไชโย,14140,CEC,088-987-8510,ปข.1
ปจ.ลพบุรี,15000,CEC,088-987-8511,ปข.1
ปจ.ลพบุรี,15000,CEC,088-987-8512,ปข.1
ปณภ.ลำนารายณ์,15130,CEC,088-987-8513,ปข.1
ปณภ.ดีลัง,15220,CEC,088-987-8514,ปข.1
ปณภ.บ้านหมี่,15110,CEC,088-987-8515,ปข.1
ปณภ.พัฒนานิคม,15140,CEC,088-987-8516,ปข.1
ปณภ.โคกตูม,15210,CEC,088-987-8517,ปข.1
ปณภ.โคกกะเทียม,15160,CEC,088-987-8518,ปข.1
ปณภ.ท่าหลวง,15230,CEC,088-987-8519,ปข.1
ปณภ.ท่าวุ้ง,15150,CEC,088-987-8520,ปข.1
ปณภ.โคกสำโรง,15120,CEC,088-987-8522,ปข.1
ปณภ.หนองม่วง,15170,CEC,088-987-8523,ปข.1
ปณภ.ลำสนธิ,15190,CEC,088-987-8524,ปข.1
ปณภ.สระโบสถ์,15240,CEC,088-987-8525,ปข.1
ปณภ.ท่าโขลง,15180,CEC,088-987-8526,ปข.1
ปณภ.โคกเจริญ,15250,CEC,088-987-8527,ปข.1
ปจ.สิงห์บุรี,16000,CEC,088-987-8528,ปข.1
ปจ.สิงห์บุรี,16000,CEC,088-987-8529,ปข.1
ปณภ.อินทร์บุรี,16110,CEC,088-987-8533,ปข.1
ปณภ.บางระจัน,16130,CEC,088-987-8534,ปข.1
ปณภ.พรหมบุรี,16120,CEC,088-987-8535,ปข.1
ปณภ.ท่าช้าง,16140,CEC,088-987-8536,ปข.1
ปณภ.ปากบาง,16160,CEC,088-987-8537,ปข.1
ปณภ.ค่ายบางระจัน,16150,CEC,088-987-8538,ปข.1
ปจ.ชัยนาท,17000,CEC,088-987-8539,ปข.1
ปจ.ชัยนาท,17000,CEC,088-987-8540,ปข.1
ปณภ.หันคา,17130,CEC,088-987-8541,ปข.1
ปณภ.วัดสิงห์,17120,CEC,088-987-8543,ปข.1
ปณภ.สรรคบุรี,17140,CEC,088-987-8544,ปข.1
ปณภ.มโนรมย์,17110,CEC,088-987-8545,ปข.1
ปณภ.สรรพยา,17150,CEC,088-987-8546,ปข.1
ปณภ.ห้วยงู,17160,CEC,088-987-8547,ปข.1
ปณภ.หางน้ำสาคร,17170,CEC,088-987-8548,ปข.1
ปจ.สระบุรี,18000,CEC,088-987-8549,ปข.1
ปจ.สระบุรี,18000,CEC,088-987-8552,ปข.1
ปณภ.ท่าลาน,18270,CEC,088-987-8553,ปข.1
ปณภ.วิหารแดง,18150,CEC,088-987-8554,ปข.1
ปณภ.เสาไห้,18160,CEC,088-987-8559,ปข.1
ปณภ.หินกอง,18230,CEC,088-987-8560,ปข.1
ปณภ.วังม่วง,18220,CEC,088-987-8561,ปข.1
ปณภ.พุแค,18240,CEC,088-987-8562,ปข.1
ปณภ.มวกเหล็ก,18180,CEC,088-987-8563,ปข.1
ปณภ.พระพุทธบาท,18120,CEC,088-987-8567,ปข.1
ปณภ.แก่งคอย,18110,CEC,088-987-8568,ปข.1
ปณภ.หนองแค,18140,CEC,088-987-8569,ปข.1
ปณภ.หนองโดน,18190,CEC,088-987-8570,ปข.1
ปณภ.บ้านหมอ,18130,CEC,088-987-8571,ปข.1
ปณภ.คชสิทธิ์,18250,CEC,088-987-8572,ปข.1
ปณภ.หนองแซง,18170,CEC,088-987-8573,ปข.1
ปณภ.ทับกวาง,18260,CEC,088-987-8575,ปข.1
ปณภ.ดอนพุด,18210,CEC,088-987-8576,ปข.1
ปข.1 ส่วนควบคุมคุณภาพและดูแลลูกค้า,13000,CEC,088-987-8579,ปข.1
ปจ.ชลบุรี,20000,CEC,088-987-8580,ปข.2
ปจ.ชลบุรี,20000,CEC,088-987-8581,ปข.2
ศป.ศรีราชา,20010,CEC,088-987-8594,ปข.2
ปณภ.ศรีราชา,20110,CEC,088-987-8595,ปข.2
ปณภ.ศรีราชา,20110,CEC,088-987-8600,ปข.2
ปณภ.เกาะสีชัง,20120,CEC,088-987-8601,ปข.2
ปณภ.บางแสน,20130,CEC,088-987-8602,ปข.2
ปณภ.พนัสนิคม,20140,CEC,088-987-8603,ปข.2
ปณภ.บางละมุง,20150,CEC,088-987-8604,ปข.2
ปณภ.บางละมุง,20150,CEC,088-987-8605,ปข.2
ปณภ.พานทอง,20160,CEC,088-987-8607,ปข.2
ปณภ.บ้านบึง,20170,CEC,088-987-8608,ปข.2
ปณภ.สัตหีบ,20180,CEC,088-987-8609,ปข.2
ปณภ.หนองใหญ่,20190,CEC,088-987-8610,ปข.2
ปณภ.หัวกุญแจ,20220,CEC,088-987-8611,ปข.2
ปณภ.อ่าวอุดม,20230,CEC,088-987-8612,ปข.2
ปณภ.อ่าวอุดม,20230,CEC,088-987-8613,ปข.2
ปณภ.ท่าบุญมี,20240,CEC,088-987-8616,ปข.2
ปณภ.บ้านอำเภอ,20250,CEC,088-987-8617,ปข.2
ปณภ.บ่อทอง,20270,CEC,088-987-8618,ปข.2
ปจ.ระยอง,21000,CEC,088-987-8619,ปข.2
ปจ.ระยอง,21000,CEC,088-987-8625,ปข.2
ปณภ.กะเฉด,21100,CEC,088-987-8626,ปข.2
ปณภ.แกลง,21110,CEC,088-987-8627,ปข.2
ปณภ.บ้านค่าย,21120,CEC,088-987-8628,ปข.2
ปณภ.บ้านฉาง,21130,CEC,088-987-8633,ปข.2
ปณภ.ปลวกแดง,21140,CEC,088-987-8634,ปข.2
ปณภ.มาบตาพุด,21150,CEC,088-987-8635,ปข.2
ปณภ.เพ,21160,CEC,088-987-8636,ปข.2
ปณภ.ปากน้ำประแสร์,21170,CEC,088-987-8637,ปข.2
ปณภ.นิคมพัฒนา,21180,CEC,088-987-8638,ปข.2
ปณภ.กร่ำ,21190,CEC,088-987-8639,ปข.2
ปณภ.วังจันทร์,21210,CEC,088-987-8640,ปข.2
ปจ.จันทบุรี,22000,CEC,088-987-8642,ปข.2
ปจ.จันทบุรี,22000,CEC,088-987-8643,ปข.2
ปณภ.ขลุง,22110,CEC,088-987-8647,ปข.2
ปณภ.ท่าใหม่,22120,CEC,088-987-8648,ปข.2
ปณภ.แหลมสิงห์,22130,CEC,088-987-8649,ปข.2
ปณภ.โป่งน้ำร้อน,22140,CEC,088-987-8650,ปข.2
ปณภ.มะขาม,22150,CEC,088-987-8654,ปข.2
ปณภ.นายายอาม,22160,CEC,088-987-8655,ปข.2
ปณภ.ทุ่งเบญจา,22170,CEC,088-987-8656,ปข.2
ปณภ.สอยดาว,22180,CEC,088-987-8657,ปข.2
ปณภ.พลิ้ว,22190,CEC,088-987-8658,ปข.2
ปณภ.เขาคิชฌกูฏ,22210,CEC,088-987-8663,ปข.2
ปจ.ตราด,23000,CEC,088-987-8664,ปข.2
ปจ.ตราด,23000,CEC,088-987-8665,ปข.2
ปณภ.คลองใหญ่,23110,CEC,088-987-8670,ปข.2
ปณภ.แหลมงอบ,23120,CEC,088-987-8671,ปข.2
ปณภ.เขาสมิง,23130,CEC,088-987-8674,ปข.2
ปณภ.บ่อไร่,23140,CEC,088-987-8675,ปข.2
ปณภ.แสนตุ้ง,23150,CEC,088-987-8678,ปข.2
ปณภ.เกาะช้าง,23170,CEC,088-987-8679,ปข.2
ปจ.ฉะเชิงเทรา,24000,CEC,088-987-8680,ปข.2
ปจ.ฉะเชิงเทรา,24000,CEC,088-987-8681,ปข.2
ปณภ.บางคล้า,24110,CEC,088-987-8682,ปข.2
ปณภ.พนมสารคาม,24120,CEC,088-987-8683,ปข.2
ปณภ.บางปะกง,24130,CEC,088-987-8684,ปข.2
ปณภ.บ้านโพธิ์,24140,CEC,088-987-8692,ปข.2
ปณภ.บางน้ำเปรี้ยว,24150,CEC,088-987-8693,ปข.2
ปณภ.สนามชัยเขต,24160,CEC,088-987-8694,ปข.2
ปณภ.ดอนฉิมพลี,24170,CEC,088-987-8697,ปข.2
ปณภ.แปลงยาว,24190,CEC,088-987-8698,ปข.2
ปจ.ปราจีนบุรี,25000,CEC,088-987-8705,ปข.2
ปจ.ปราจีนบุรี,25000,CEC,088-987-8706,ปข.2
ศป.กบินทร์บุรี,25010,CEC,088-987-8707,ปข.2
ปณภ.กบินทร์บุรี,25110,CEC,088-987-8708,ปข.2
ปณภ.ประจันตคาม,25130,CEC,088-987-8710,ปข.2
ปณภ.ศรีมหาโพธิ,25140,CEC,088-987-8711,ปข.2
ปณภ.บ้านสร้าง,25150,CEC,088-987-8712,ปข.2
ปณภ.ศรีมโหสถ,25190,CEC,088-987-8713,ปข.2
ปณภ.นาดี,25220,CEC,088-987-8714,ปข.2
ปณภ.บ้านพระ,25230,CEC,088-987-8715,ปข.2
ปณภ.กบินทร์เก่า,25240,CEC,088-987-8716,ปข.2
ปจ.นครนายก,26000,CEC,088-987-8717,ปข.2
ปจ.นครนายก,26000,CEC,088-987-8718,ปข.2
ปณภ.บ้านนา,26110,CEC,088-987-8719,ปข.2
ปณภ.องครักษ์,26120,CEC,088-987-8721,ปข.2
ปณภ.ปากพลี,26130,CEC,088-987-8722,ปข.2
ปจ.สระแก้ว,27000,CEC,088-987-8723,ปข.2
ปจ.สระแก้ว,27000,CEC,088-987-8724,ปข.2
ปณภ.อรัญประเทศ,27120,CEC,088-987-8725,ปข.2
ปณภ.วัฒนานคร,27160,CEC,088-987-8727,ปข.2
ปณภ.ตาพระยา,27180,CEC,088-987-8728,ปข.2
ปณภ.วังน้ำเย็น,27210,CEC,088-987-8729,ปข.2
ปณภ.วังสมบูรณ์,27250,CEC,088-987-8730,ปข.2
ปณภ.คลองหาด,27260,CEC,088-987-8731,ปข.2
ปข.2 ส่วนควบคุมคุณภาพและดูแลลูกค้า,20000,CEC,088-987-8733,ปข.2
ปจ.นครราชสีมา,30000,CEC,088-987-8734,ปข.3
ปจ.นครราชสีมา,30000,CEC,088-987-8735,ปข.3
ศป.นครราชสีมา,30010,CEC,088-987-8736,ปข.3
ปณภ.พิมาย,30110,CEC,088-987-8737,ปข.3
ปณภ.บัวใหญ่,30120,CEC,088-987-8738,ปข.3
ปณภ.ปากช่อง,30130,CEC,088-987-8740,ปข.3
ปณภ.สีคิ้ว,30140,CEC,088-987-8741,ปข.3
ปณภ.ปักธงชัย,30150,CEC,088-987-8744,ปข.3
ปณภ.โนนสูง,30160,CEC,088-987-8745,ปข.3
ปณภ.สูงเนิน,30170,CEC,088-987-8749,ปข.3
ปณภ.ประทาย,30180,CEC,088-987-8750,ปข.3
ปณภ.โชคชัย,30190,CEC,088-987-8751,ปข.3
ปณภ.ด่านขุนทด,30210,CEC,088-987-8752,ปข.3
ปณภ.โนนไทย,30220,CEC,088-987-8753,ปข.3
ปณภ.จักราช,30230,CEC,088-987-8754,ปข.3
ปณภ.ห้วยแถลง,30240,CEC,088-987-8755,ปข.3
ปณภ.ครบุรี,30250,CEC,088-987-8756,ปข.3
ปณภ.คง,30260,CEC,088-987-8757,ปข.3
ปณภ.ชุมพวง,30270,CEC,088-987-8758,ปข.3
ปณภ.ขามทะเลสอ,30280,CEC,088-987-8759,ปข.3
ปณภ.ขามสะแกแสง,30290,CEC,088-987-8763,ปข.3
ปณภ.กลางดง,30320,CEC,088-987-8764,ปข.3
ปณภ.เสิงสาง,30330,CEC,088-987-8765,ปข.3
ปณภ.คลองไผ่,30340,CEC,088-987-8767,ปข.3
ปณภ.บ้านเหลื่อม,30350,CEC,088-987-8768,ปข.3
ปณภ.โนนแดง,30360,CEC,088-987-8769,ปข.3
ปณภ.วังน้ำเขียว,30370,CEC,088-987-8770,ปข.3
ปณภ.กุดจิก,30380,CEC,088-987-8772,ปข.3
ปณภ.หนองบุญมาก,30410,CEC,088-987-8773,ปข.3
ปณภ.ตลาดแค,30420,CEC,088-987-8774,ปข.3
ปณภ.สีดา,30430,CEC,088-987-8775,ปข.3
ปณภ.แก้งสนามนาง,30440,CEC,088-987-8776,ปข.3
ปณภ.เขาใหญ่,30450,CEC,088-987-8783,ปข.3
ปจ.บุรีรัมย์,31000,CEC,088-987-8784,ปข.3
ปจ.บุรีรัมย์,31000,CEC,088-987-8785,ปข.3
ปณภ.นางรอง,31110,CEC,088-987-8786,ปข.3
ปณภ.พุทไธสง,31120,CEC,088-987-8794,ปข.3
ปณภ.ลำปลายมาศ,31130,CEC,088-987-8795,ปข.3
ปณภ.ประโคนชัย,31140,CEC,088-987-8796,ปข.3
ปณภ.สตึก,31150,CEC,088-987-8813,ปข.3
ปณภ.กระสัง,31160,CEC,088-987-8814,ปข.3
ปณภ.ละหานทราย,31170,CEC,088-987-8815,ปข.3
ปณภ.บ้านกรวด,31180,CEC,088-987-8816,ปข.3
ปณภ.คูเมือง,31190,CEC,088-987-8820,ปข.3
ปณภ.หนองกี่,31210,CEC,088-987-8821,ปข.3
ปณภ.ปะคำ,31220,CEC,088-987-8823,ปข.3
ปณภ.นาโพธิ์,31230,CEC,088-987-8824,ปข.3
ปณภ.หนองหงส์,31240,CEC,088-987-8825,ปข.3
ปณภ.บ้านพลับพลา,31250,CEC,088-987-8826,ปข.3
ปณภ.โนนดินแดง,31260,CEC,088-987-8827,ปข.3
ปจ.สุรินทร์,32000,CEC,088-987-8828,ปข.3
ปจ.สุรินทร์,32000,CEC,088-987-8829,ปข.3
ปณภ.ศีขรภูมิ,32110,CEC,088-987-8830,ปข.3
ปณภ.ท่าตูม,32120,CEC,088-987-8835,ปข.3
ปณภ.รัตนบุรี,32130,CEC,088-987-8836,ปข.3
ปณภ.ปราสาท,32140,CEC,088-987-8837,ปข.3
ปณภ.สังขะ,32150,CEC,088-987-8839,ปข.3
ปณภ.สนม,32160,CEC,088-987-8840,ปข.3
ปณภ.สำโรงทาบ,32170,CEC,088-987-8841,ปข.3
ปณภ.จอมพระ,32180,CEC,088-987-8846,ปข.3
ปณภ.ชุมพลบุรี,32190,CEC,088-987-8847,ปข.3
ปณภ.กาบเชิง,32210,CEC,088-987-8849,ปข.3
ปณภ.ลำดวน,32220,CEC,088-987-8850,ปข.3
ปณภ.บัวเชด,32230,CEC,088-987-8851,ปข.3
ปจ.ชัยภูมิ,36000,CEC,088-987-8852,ปข.3
ปจ.ชัยภูมิ,36000,CEC,088-987-8853,ปข.3
ปณภ.ภูเขียว,36110,CEC,088-987-8854,ปข.3
ปณภ.เกษตรสมบูรณ์,36120,CEC,088-987-8856,ปข.3
ปณภ.จัตุรัส,36130,CEC,088-987-8857,ปข.3
ปณภ.คอนสวรรค์,36140,CEC,088-987-8862,ปข.3
ปณภ.แก้งคร้อ,36150,CEC,088-987-8863,ปข.3
ปณภ.บำเหน็จณรงค์,36160,CEC,088-987-8864,ปข.3
ปณภ.บ้านเขว้า,36170,CEC,088-987-8865,ปข.3
ปณภ.คอนสาร,36180,CEC,088-987-8868,ปข.3
ปณภ.บ้านแท่น,36190,CEC,088-987-8869,ปข.3
ปณภ.หนองบัวแดง,36210,CEC,088-987-8870,ปข.3
ปณภ.หนองบัวโคก,36220,CEC,088-987-8871,ปข.3
ปณภ.เทพสถิต,36230,CEC,088-987-8872,ปข.3
ปณภ.หมื่นแผ้ว,36240,CEC,088-987-8873,ปข.3
ปณภ.หนองบัวระเหว,36250,CEC,088-987-8874,ปข.3
ปณภ.ภักดีชุมพล,36260,CEC,088-987-8875,ปข.3
ปจ.ร้อยเอ็ด,45000,CEC,088-987-8876,ปข.3
ปจ.ร้อยเอ็ด,45000,CEC,088-987-8890,ปข.3
ปณภ.โพนทอง,45110,CEC,088-987-8891,ปข.3
ปณภ.เสลภูมิ,45120,CEC,088-987-8902,ปข.3
ปณภ.สุวรรณภูมิ,45130,CEC,088-987-8903,ปข.3
ปณภ.พนมไพร,45140,CEC,088-987-8911,ปข.3
ปณภ.เกษตรวิสัย,45150,CEC,088-987-8912,ปข.3
ปณภ.อาจสามารถ,45160,CEC,088-987-8921,ปข.3
ปณภ.ธวัชบุรี,45170,CEC,088-987-8922,ปข.3
ปณภ.จตุรพักตรพิมาน,45180,CEC,088-987-8923,ปข.3
ปณภ.ปทุมรัตต์,45190,CEC,088-987-8924,ปข.3
ปณภ.หนองพอก,45210,CEC,088-987-8925,ปข.3
ปณภ.เมืองสรวง,45220,CEC,088-987-8927,ปข.3
ปณภ.โพธิ์ชัย,45230,CEC,088-987-8928,ปข.3
ปณภ.โพนทราย,45240,CEC,088-987-8929,ปข.3
ปณภ.เมยวดี,45250,CEC,088-987-8930,ปข.3
ปณภ.โสกเชือก,45280,CEC,088-987-8931,ปข.3
ปข.3 ส่วนควบคุมคุณภาพและดูแลลูกค้า,30000,CEC,088-987-8933,ปข.3
ปจ.บึงกาฬ,38000,CEC,088-987-8934,ปข.4
ปจ.บึงกาฬ,38000,CEC,088-987-8935,ปข.4
ปณภ.เซกา,38150,CEC,088-987-8936,ปข.4
ปณภ.โซ่พิสัย,38170,CEC,088-987-8937,ปข.4
ปณภ.พรเจริญ,38180,CEC,088-987-8938,ปข.4
ปณภ.ปากคาด,38190,CEC,088-987-8939,ปข.4
ปณภ.ศรีวิไล,38210,CEC,088-987-8940,ปข.4
ปณภ.บึงโขงหลง,38220,CEC,088-987-8941,ปข.4
ปจ.หนองบัวลำภู,39000,CEC,088-987-8942,ปข.4
ปจ.หนองบัวลำภู,39000,CEC,088-987-8943,ปข.4
ปณภ.โนนสัง,39140,CEC,088-987-8944,ปข.4
ปณภ.นากลาง,39170,CEC,088-987-8946,ปข.4
ปณภ.ศรีบุญเรือง,39180,CEC,088-987-8947,ปข.4
ปณภ.สุวรรณคูหา,39270,CEC,088-987-8949,ปข.4
ปณภ.กุดดินจี่,39350,CEC,088-987-8950,ปข.4
ปจ.ขอนแก่น,40000,CEC,088-987-8953,ปข.4
ปจ.ขอนแก่น,40000,CEC,088-987-8954,ปข.4
ศป.ขอนแก่น,40010,CEC,088-987-8955,ปข.4
ปณภ.บ้านไผ่,40110,CEC,088-987-8956,ปข.4
ปณภ.พล,40120,CEC,088-987-8957,ปข.4
ปณภ.ชุมแพ,40130,CEC,088-987-8960,ปข.4
ปณภ.น้ำพอง,40140,CEC,088-987-8961,ปข.4
ปณภ.ภูเวียง,40150,CEC,088-987-8965,ปข.4
ปณภ.มัญจาคีรี,40160,CEC,088-987-8966,ปข.4
ปณภ.กระนวน,40170,CEC,088-987-8967,ปข.4
ปณภ.ชนบท,40180,CEC,088-987-8969,ปข.4
ปณภ.หนองสองห้อง,40190,CEC,088-987-8970,ปข.4
ปณภ.หนองเรือ,40210,CEC,088-987-8971,ปข.4
ปณภ.สีชมพู,40220,CEC,088-987-8972,ปข.4
ปณภ.แวงน้อย,40230,CEC,088-987-8975,ปข.4
ปณภ.ดอนโมง,40240,CEC,088-987-8976,ปข.4
ปณภ.อุบลรัตน์,40250,CEC,088-987-8980,ปข.4
ปณภ.ท่าพระขอนแก่น,40260,CEC,088-987-8981,ปข.4
ปณภ.บ้านฝาง,40270,CEC,088-987-8982,ปข.4
ปณภ.เขาสวนกวาง,40280,CEC,088-987-8984,ปข.4
ปณภ.โนนหัน,40290,CEC,088-987-8985,ปข.4
ปณภ.น้ำพองเก่า,40310,CEC,088-987-8986,ปข.4
ปณภ.พระยืน,40320,CEC,088-987-8995,ปข.4
ปณภ.แวงใหญ่,40330,CEC,088-987-8996,ปข.4
ปณภ.เปือยน้อย,40340,CEC,088-987-8997,ปข.4
ปณภ.ภูผาม่าน,40350,CEC,088-987-9001,ปข.4
ปจ.อุดรธานี,41000,CEC,088-987-9002,ปข.4
ปจ.อุดรธานี,41000,CEC,088-987-9010,ปข.4
ศป.อุดรธานี,41010,CEC,088-987-9011,ปข.4
ปณภ.กุมภวาปี,41110,CEC,088-987-9012,ปข.4
ปณภ.หนองหาน,41130,CEC,088-987-9013,ปข.4
ปณภ.เพ็ญ,41150,CEC,088-987-9014,ปข.4
ปณภ.บ้านผือ,41160,CEC,088-987-9015,ปข.4
ปณภ.บ้านดุง,41190,CEC,088-987-9017,ปข.4
ปณภ.น้ำโสม,41210,CEC,088-987-9018,ปข.4
ปณภ.หนองวัวซอ,41220,CEC,088-987-9019,ปข.4
ปณภ.ศรีธาตุ,41230,CEC,088-987-9020,ปข.4
ปณภ.โนนสะอาด,41240,CEC,088-987-9021,ปข.4
ปณภ.กุดจับ,41250,CEC,088-987-9022,ปข.4
ปณภ.สร้างคอม,41260,CEC,088-987-9023,ปข.4
ปณภ.วังสามหมอ,41280,CEC,088-987-9027,ปข.4
ปณภ.ไชยวาน,41290,CEC,088-987-9028,ปข.4
ปณภ.ทุ่งฝน,41310,CEC,088-987-9029,ปข.4
ปณภ.บ้านเชียง,41320,CEC,088-987-9030,ปข.4
ปณภ.บ้านชัยพร,41330,CEC,088-987-9032,ปข.4
ปณภ.หนองแสง,41340,CEC,088-987-9033,ปข.4
ปณภ.หมากหญ้า,41360,CEC,088-987-9034,ปข.4
ปณภ.พันดอน,41370,CEC,088-987-9035,ปข.4
ปณภ.นายูง,41380,CEC,088-987-9036,ปข.4
ปจ.เลย,42000,CEC,088-987-9037,ปข.4
ปจ.เลย,42000,CEC,088-987-9038,ปข.4
ปณภ.นาอ้อ,42100,CEC,088-987-9039,ปข.4
ปณภ.เชียงคาน,42110,CEC,088-987-9041,ปข.4
ปณภ.ด่านซ้าย,42120,CEC,088-987-9042,ปข.4
ปณภ.วังสะพุง,42130,CEC,088-987-9043,ปข.4
ปณภ.ท่าลี่,42140,CEC,088-987-9045,ปข.4
ปณภ.ปากชม,42150,CEC,088-987-9046,ปข.4
ปณภ.ภูเรือ,42160,CEC,088-987-9047,ปข.4
ปณภ.นาแห้ว,42170,CEC,088-987-9049,ปข.4
ปณภ.ภูกระดึง,42180,CEC,088-987-9050,ปข.4
ปณภ.หนองหิน,42190,CEC,088-987-9051,ปข.4
ปณภ.นาด้วง,42210,CEC,088-987-9052,ปข.4
ปณภ.เอราวัณ,42220,CEC,088-987-9053,ปข.4
ปณภ.ภูหลวง,42230,CEC,088-987-9054,ปข.4
ปณภ.ผาขาว,42240,CEC,088-987-9056,ปข.4
ปจ.หนองคาย,43000,CEC,088-987-9057,ปข.4
ปจ.หนองคาย,43000,CEC,088-987-9061,ปข.4
ปณภ.ค่ายบกหวาน,43100,CEC,088-987-9062,ปข.4
ปณภ.ท่าบ่อ,43110,CEC,088-987-9063,ปข.4
ปณภ.โพนพิสัย,43120,CEC,088-987-9068,ปข.4
ปณภ.ศรีเชียงใหม่,43130,CEC,088-987-9069,ปข.4
ปณภ.สังคม,43160,CEC,088-987-9161,ปข.4
ปณภ.เฝ้าไร่,43230,CEC,088-987-9162,ปข.4
ปจ.มหาสารคาม,44000,CEC,088-987-9166,ปข.4
ปจ.มหาสารคาม,44000,CEC,088-987-9167,ปข.4
ปณภ.พยัคฆภูมิพิสัย,44110,CEC,088-987-9172,ปข.4
ปณภ.วาปีปทุม,44120,CEC,088-987-9173,ปข.4
ปณภ.บรบือ,44130,CEC,088-987-9176,ปข.4
ปณภ.โกสุมพิสัย,44140,CEC,088-987-9177,ปข.4
ปณภ.กันทรวิชัย,44150,CEC,088-987-9178,ปข.4
ปณภ.เชียงยืน,44160,CEC,088-987-9179,ปข.4
ปณภ.นาเชือก,44170,CEC,088-987-9180,ปข.4
ปณภ.นาดูน,44180,CEC,088-987-9181,ปข.4
ปณภ.แกดำ,44190,CEC,088-987-9182,ปข.4
ปณภ.ยางสีสุราช,44210,CEC,088-987-9183,ปข.4
ปจ.กาฬสินธุ์,46000,CEC,088-987-9185,ปข.4
ปจ.กาฬสินธุ์,46000,CEC,088-987-9186,ปข.4
ปณภ.กุฉินารายณ์,46110,CEC,088-987-9188,ปข.4
ปณภ.ยางตลาด,46120,CEC,088-987-9189,ปข.4
ปณภ.กมลาไสย,46130,CEC,088-987-9190,ปข.4
ปณภ.สหัสขันธ์,46140,CEC,088-987-9192,ปข.4
ปณภ.สมเด็จ,46150,CEC,088-987-9193,ปข.4
ปณภ.เขาวง,46160,CEC,088-987-9196,ปข.4
ปณภ.ห้วยเม็ก,46170,CEC,088-987-9197,ปข.4
ปณภ.คำม่วง,46180,CEC,088-987-9199,ปข.4
ปณภ.ท่าคันโท,46190,CEC,088-987-9200,ปข.4
ปณภ.ร่องคำ,46210,CEC,088-987-9201,ปข.4
ปณภ.หนองกุงศรี,46220,CEC,088-987-9203,ปข.4
ปณภ.นามน,46230,CEC,088-987-9204,ปข.4
ปณภ.ห้วยผึ้ง,46240,CEC,088-987-9205,ปข.4
ปณภ.นาคู,46250,CEC,088-987-9209,ปข.4
ปข.4 ส่วนควบคุมคุณภาพและดูแลลูกค้า,40000,CEC,088-987-9210,ปข.4
ปณภ.แม่แจ่ม,50270,CEC,088-987-9212,ปข.5
ปจ.เชียงใหม่,50000,CEC,088-987-9213,ปข.5
ปจ.เชียงใหม่,50000,CEC,088-987-9214,ปข.5
ปณภ.ฝาง,50110,CEC,088-987-9216,ปข.5
ปณภ.สันป่าตอง,50120,CEC,088-987-9217,ปข.5
ปณภ.สันกำแพง,50130,CEC,088-987-9219,ปข.5
ปณภ.สารภี,50140,CEC,088-987-9220,ปข.5
ปณภ.แม่แตง,50150,CEC,088-987-9221,ปข.5
ปณภ.จอมทอง,50160,CEC,088-987-9223,ปข.5
ปณภ.เชียงดาว,50170,CEC,088-987-9224,ปข.5
ปณภ.แม่ริม,50180,CEC,088-987-9226,ปข.5
ปณภ.พร้าว,50190,CEC,088-987-9227,ปข.5
ปณภ.ดอยสะเก็ด,50220,CEC,088-987-9236,ปข.5
ปณภ.หางดง,50230,CEC,088-987-9237,ปข.5
ปณภ.ฮอด,50240,CEC,088-987-9245,ปข.5
ปณภ.สะเมิง,50250,CEC,088-987-9246,ปข.5
ปณภ.ดอยเต่า,50260,CEC,088-987-9248,ปข.5
ปณภ.แม่อาย,50280,CEC,088-987-9249,ปข.5
ปณภ.แม่โจ้,50290,CEC,088-987-9250,ปข.5
ปณภ.อมก๋อย,50310,CEC,088-987-9251,ปข.5
ปณภ.ไชยปราการ,50320,CEC,088-987-9252,ปข.5
ปณภ.สันป่ายาง,50330,CEC,088-987-9253,ปข.5
ปณภ.หนองตอง,50340,CEC,088-987-9254,ปข.5
ปณภ.เวียงแหง,50350,CEC,088-987-9255,ปข.5
ปณภ.แม่วาง,50360,CEC,088-987-9259,ปข.5
ปจ.ลำพูน,51000,CEC,088-987-9260,ปข.5
ปจ.ลำพูน,51000,CEC,088-987-9261,ปข.5
ศป.ลำพูน,51010,CEC,088-987-9263,ปข.5
ปณภ.ลี้,51110,CEC,088-987-9264,ปข.5
ปณภ.ป่าซาง,51120,CEC,088-987-9271,ปข.5
ปณภ.บ้านโฮ่ง,51130,CEC,088-987-9272,ปข.5
ปณภ.แม่ทา,51140,CEC,088-987-9273,ปข.5
ปณภ.อุโมงค์,51150,CEC,088-987-9274,ปข.5
ปณภ.ทุ่งหัวช้าง,51160,CEC,088-987-9275,ปข.5
ปณภ.ทากาด,51170,CEC,088-987-9278,ปข.5
ปณภ.บ้านธิ,51180,CEC,088-987-9279,ปข.5
ปจ.ลำปาง,52000,CEC,088-987-9280,ปข.5
ปจ.ลำปาง,52000,CEC,088-987-9281,ปข.5
ปณภ.งาว,52110,CEC,088-987-9282,ปข.5
ปณภ.แจ้ห่ม,52120,CEC,088-987-9283,ปข.5
ปณภ.เกาะคา,52130,CEC,088-987-9287,ปข.5
ปณภ.วังเหนือ,52140,CEC,088-987-9288,ปข.5
ปณภ.แม่ทะ,52150,CEC,088-987-9293,ปข.5
ปณภ.เถิน,52160,CEC,088-987-9294,ปข.5
ปณภ.สบปราบ,52170,CEC,088-987-9304,ปข.5
ปณภ.แม่พริก,52180,CEC,088-987-9305,ปข.5
ปณภ.ห้างฉัตร,52190,CEC,088-987-9306,ปข.5
ปณภ.เสริมงาม,52210,CEC,088-987-9307,ปข.5
ปณภ.แม่เมาะ,52220,CEC,088-987-9310,ปข.5
ปณภ.แม่วะ,52230,CEC,088-987-9311,ปข.5
ปณภ.เมืองปาน,52240,CEC,088-987-9312,ปข.5
ปจ.อุตรดิตถ์,53000,CEC,088-987-9313,ปข.5
ปจ.อุตรดิตถ์,53000,CEC,088-987-9314,ปข.5
ปณภ.น้ำปาด,53110,CEC,088-987-9315,ปข.5
ปณภ.พิชัย,53120,CEC,088-987-9316,ปข.5
ปณภ.ลับแล,53130,CEC,088-987-9318,ปข.5
ปณภ.ตรอน,53140,CEC,088-987-9319,ปข.5
ปณภ.ท่าปลา,53150,CEC,088-987-9321,ปข.5
ปณภ.ฟากท่า,53160,CEC,088-987-9322,ปข.5
ปณภ.วังกะพี้,53170,CEC,088-987-9324,ปข.5
ปณภ.บ้านโคก,53180,CEC,088-987-9325,ปข.5
ปณภ.ร่วมจิต,53190,CEC,088-987-9326,ปข.5
ปณภ.ทุ่งยั้ง,53210,CEC,088-987-9327,ปข.5
ปณภ.ท่าสัก,53220,CEC,088-987-9336,ปข.5
ปณภ.ทองแสนขัน,53230,CEC,088-987-9337,ปข.5
ปจ.แพร่,54000,CEC,088-987-9344,ปข.5
ปจ.แพร่,54000,CEC,088-987-9345,ปข.5
ศป.เด่นชัย,54010,CEC,088-987-9348,ปข.5
ปณภ.เด่นชัย,54110,CEC,088-987-9349,ปข.5
ปณภ.สอง,54120,CEC,088-987-9350,ปข.5
ปณภ.สูงเม่น,54130,CEC,088-987-9357,ปข.5
ปณภ.ร้องกวาง,54140,CEC,088-987-9358,ปข.5
ปณภ.ลอง,54150,CEC,088-987-9359,ปข.5
ปณภ.วังชิ้น,54160,CEC,088-987-9363,ปข.5
ปณภ.หนองม่วงไข่,54170,CEC,088-987-9364,ปข.5
ปจ.น่าน,55000,CEC,088-987-9365,ปข.5
ปจ.น่าน,55000,CEC,088-987-9366,ปข.5
ปณภ.เวียงสา,55110,CEC,088-987-9368,ปข.5
ปณภ.ปัว,55120,CEC,088-987-9369,ปข.5
ปณภ.ทุ่งช้าง,55130,CEC,088-987-9370,ปข.5
ปณภ.ท่าวังผา,55140,CEC,088-987-9371,ปข.5
ปณภ.นาน้อย,55150,CEC,088-987-9373,ปข.5
ปณภ.เชียงกลาง,55160,CEC,088-987-9374,ปข.5
ปณภ.แม่จริม,55170,CEC,088-987-9375,ปข.5
ปณภ.นาหมื่น,55180,CEC,088-987-9376,ปข.5
ปณภ.บ้านหลวง,55190,CEC,088-987-9377,ปข.5
ปณภ.ดู่พงษ์,55210,CEC,088-987-9378,ปข.5
ปณภ.บ่อเกลือ,55220,CEC,088-987-9381,ปข.5
ปจ.พะเยา,56000,CEC,088-987-9382,ปข.5
ปจ.พะเยา,56000,CEC,088-987-9394,ปข.5
ปณภ.เชียงคำ,56110,CEC,088-987-9395,ปข.5
ปณภ.ดอกคำใต้,56120,CEC,088-987-9396,ปข.5
ปณภ.แม่ใจ,56130,CEC,088-987-9397,ปข.5
ปณภ.ปง,56140,CEC,088-987-9399,ปข.5
ปณภ.จุน,56150,CEC,088-987-9400,ปข.5
ปณภ.เชียงม่วน,56160,CEC,088-987-9402,ปข.5
ปจ.เชียงราย,57000,CEC,088-987-9403,ปข.5
ปจ.เชียงราย,57000,CEC,088-987-9404,ปข.5
ปณภ.บ้านดู่,57100,CEC,088-987-9407,ปข.5
ปณภ.แม่จัน,57110,CEC,088-987-9408,ปข.5
ปณภ.พาน,57120,CEC,088-987-9417,ปข.5
ปณภ.แม่สาย,57130,CEC,088-987-9418,ปข.5
ปณภ.เชียงของ,57140,CEC,088-987-9425,ปข.5
ปณภ.เชียงแสน,57150,CEC,088-987-9426,ปข.5
ปณภ.เทิง,57160,CEC,088-987-9428,ปข.5
ปณภ.เวียงป่าเป้า,57170,CEC,088-987-9429,ปข.5
ปณภ.แม่สรวย,57180,CEC,088-987-9430,ปข.5
ปณภ.ป่าแดด,57190,CEC,088-987-9431,ปข.5
ปณภ.เวียงชัย,57210,CEC,088-987-9433,ปข.5
ปณภ.ห้วยไคร้,57220,CEC,088-987-9434,ปข.5
ปณภ.ปล้อง,57230,CEC,088-987-9435,ปข.5
ปณภ.แม่คำ,57240,CEC,088-987-9436,ปข.5
ปณภ.แม่ลาว,57250,CEC,088-987-9437,ปข.5
ปณภ.แม่เจดีย์,57260,CEC,088-987-9438,ปข.5
ปณภ.จันจว้า,57270,CEC,088-987-9439,ปข.5
ปณภ.แม่เย็น,57280,CEC,088-987-9440,ปข.5
ปณภ.พญาเม็งราย,57290,CEC,088-987-9441,ปข.5
ปณภ.เวียงแก่น,57310,CEC,088-987-9442,ปข.5
ปณภ.ขุนตาล,57340,CEC,088-987-9443,ปข.5
ปณภ.เวียงเชียงรุ้ง,57350,CEC,088-987-9445,ปข.5
ปจ.แม่ฮ่องสอน,58000,CEC,088-987-9446,ปข.5
ปจ.แม่ฮ่องสอน,58000,CEC,088-987-9447,ปข.5
ปณภ.แม่สะเรียง,58110,CEC,088-987-9452,ปข.5
ปณภ.แม่ลาน้อย,58120,CEC,088-987-9453,ปข.5
ปณภ.ปาย,58130,CEC,088-987-9458,ปข.5
ปณภ.ขุนยวม,58140,CEC,088-987-9459,ปข.5
ปณภ.ปางมะผ้า,58150,CEC,088-987-9461,ปข.5
ปข.5 ส่วนควบคุมคุณภาพและดูแลลูกค้า,50000,CEC,088-987-9462,ปข.5
ปจ.ราชบุรี,70000,CEC,090-980-5603,ปข.7
ปจ.ราชบุรี,70000,CEC,090-980-5604,ปข.7
ศป.ราชบุรี,70010,CEC,090-980-5605,ปข.7
ปณภ.บ้านโป่ง,70110,CEC,090-980-5606,ปข.7
ปณภ.โพธาราม,70120,CEC,090-980-5607,ปข.7
ปณภ.ดำเนินสะดวก,70130,CEC,090-980-5608,ปข.7
ปณภ.ปากท่อ,70140,CEC,090-980-5609,ปข.7
ปณภ.จอมบึง,70150,CEC,090-980-5610,ปข.7
ปณภ.บางแพ,70160,CEC,090-980-5612,ปข.7
ปณภ.วัดเพลง,70170,CEC,090-980-5613,ปข.7
ปณภ.สวนผึ้ง,70180,CEC,090-980-5614,ปข.7
ปณภ.ห้วยกระบอก,70190,CEC,090-980-5615,ปข.7
ปณภ.หลักห้า,70210,CEC,090-980-5618,ปข.7
ปจ.กาญจนบุรี,71000,CEC,090-980-5619,ปข.7
ปจ.กาญจนบุรี,71000,CEC,090-980-5620,ปข.7
ปณภ.ท่าม่วง,71110,CEC,090-989-9034,ปข.7
ปณภ.ท่ามะกา,71120,CEC,090-989-9035,ปข.7
ปณภ.ท่าเรือพระแท่น,71130,CEC,090-989-9038,ปข.7
ปณภ.พนมทวน,71140,CEC,090-989-9040,ปข.7
ปณภ.ไทรโยค,71150,CEC,090-989-9042,ปข.7
ปณภ.บ่อพลอย,71160,CEC,090-989-9045,ปข.7
ปณภ.ตลาดเขต,71170,CEC,090-989-9046,ปข.7
ปณภ.ทองผาภูมิ,71180,CEC,090-990-4973,ปข.7
ปณภ.ลาดหญ้า,71190,CEC,090-990-4974,ปข.7
ปณภ.เลาขวัญ,71210,CEC,090-990-4981,ปข.7
ปณภ.หนองปรือ,71220,CEC,091-002-3454,ปข.7
ปณภ.สังขละบุรี,71240,CEC,091-002-5776,ปข.7
ปณภ.ท่ากระดาน,71250,CEC,091-004-8493,ปข.7
ปณภ.ด่านมะขามเตี้ย,71260,CEC,091-004-8495,ปข.7
ปจ.สุพรรณบุรี,72000,CEC,091-004-8496,ปข.7
ปจ.สุพรรณบุรี,72000,CEC,091-004-8497,ปข.7
ปณภ.สองพี่น้อง,72110,CEC,091-004-8498,ปข.7
ปณภ.เดิมบางนางบวช,72120,CEC,091-004-8502,ปข.7
ปณภ.สามชุก,72130,CEC,091-004-8503,ปข.7
ปณภ.ศรีประจันต์,72140,CEC,091-004-8504,ปข.7
ปณภ.บางปลาม้า,72150,CEC,091-004-8505,ปข.7
ปณภ.อู่ทอง,72160,CEC,091-004-8506,ปข.7
ปณภ.ดอนเจดีย์,72170,CEC,091-004-8507,ปข.7
ปณภ.ด่านช้าง,72180,CEC,091-004-8508,ปข.7
ปณภ.ทุ่งคอก,72190,CEC,091-004-8509,ปข.7
ปณภ.สวนแตง,72210,CEC,091-004-8510,ปข.7
ปณภ.สระยายโสม,72220,CEC,091-004-8513,ปข.7
ปณภ.ท่าเสด็จ,72230,CEC,091-004-8514,ปข.7
ปณภ.หนองหญ้าไซ,72240,CEC,091-004-8515,ปข.7
ปณภ.สระกระโจม,72250,CEC,091-004-8516,ปข.7
ปจ.นครปฐม,73000,CEC,091-004-8517,ปข.7
ปจ.นครปฐม,73000,CEC,091-004-8518,ปข.7
ปณภ.สามพราน,73110,CEC,091-004-8519,ปข.7
ปณภ.นครชัยศรี,73120,CEC,091-004-8520,ปข.7
ปณภ.บางเลน,73130,CEC,091-004-8521,ปข.7
ปณภ.กำแพงแสน,73140,CEC,091-004-8524,ปข.7
ปณภ.ดอนตูม,73150,CEC,091-004-8525,ปข.7
ปณภ.อ้อมใหญ่,73160,CEC,091-004-8526,ปข.7
ปณภ.พุทธมณฑล,73170,CEC,091-004-8527,ปข.7
ปณภ.สระพัฒนา,73180,CEC,091-004-8528,ปข.7
ปณภ.บางหลวง,73190,CEC,091-004-8529,ปข.7
ปณภ.ไร่ขิง,73210,CEC,091-004-8537,ปข.7
ปณภ.กระทุ่มล้ม,73220,CEC,091-004-8538,ปข.7
ปจ.สมุทรสาคร,74000,CEC,091-004-8539,ปข.7
ปจ.สมุทรสาคร,74000,CEC,091-004-8648,ปข.7
ปณภ.กระทุ่มแบน,74110,CEC,091-004-8649,ปข.7
ปณภ.บ้านแพ้ว,74120,CEC,091-004-8771,ปข.7
ปณภ.อ้อมน้อย,74130,CEC,091-004-8773,ปข.7
ปจ.สมุทรสงคราม,75000,CEC,091-004-8775,ปข.7
ปจ.สมุทรสงคราม,75000,CEC,091-004-8776,ปข.7
ปณภ.อัมพวา,75110,CEC,091-004-8828,ปข.7
ปณภ.บางคนที,75120,CEC,091-005-6312,ปข.7
ปจ.เพชรบุรี,76000,CEC,091-005-7328,ปข.7
ปจ.เพชรบุรี,76000,CEC,091-005-7329,ปข.7
ปณภ.หาดเจ้าสำราญ,76100,CEC,091-696-0364,ปข.7
ปณภ.บ้านแหลม,76110,CEC,091-696-0365,ปข.7
ปณภ.ชะอำ,76120,CEC,091-696-0367,ปข.7
ปณภ.ท่ายาง,76130,CEC,091-696-0368,ปข.7
ปณภ.เขาย้อย,76140,CEC,091-696-0369,ปข.7
ปณภ.บ้านลาด,76150,CEC,091-696-0371,ปข.7
ปณภ.หนองหญ้าปล้อง,76160,CEC,091-696-0373,ปข.7
ปณภ.แก่งกระจาน,76170,CEC,091-696-0374,ปข.7
ปจ.ประจวบคีรีขันธ์,77000,CEC,091-696-0375,ปข.7
ปจ.ประจวบคีรีขันธ์,77000,CEC,091-696-0378,ปข.7
ปณภ.หัวหิน,77110,CEC,091-696-0380,ปข.7
ปณภ.ปราณบุรี,77120,CEC,091-696-0381,ปข.7
ปณภ.ทับสะแก,77130,CEC,091-696-0382,ปข.7
ปณภ.บางสะพาน,77140,CEC,091-696-0384,ปข.7
ปณภ.กุยบุรี,77150,CEC,091-696-0385,ปข.7
ปณภ.ธนะรัชต์,77160,CEC,091-696-0387,ปข.7
ปณภ.บางสะพานน้อย,77170,CEC,091-696-0389,ปข.7
ปณภ.สามร้อยยอด,77180,CEC,091-696-0391,ปข.7
ปณภ.บ้านกรูด,77190,CEC,091-696-0393,ปข.7
ปณภ.อ่าวน้อย,77210,CEC,091-696-0394,ปข.7
ปณภ.ปากน้ำปราณ,77220,CEC,091-696-0395,ปข.7
ปณภ.ร่อนทอง,77230,CEC,091-696-0397,ปข.7
ปข.7 ส่วนควบคุมคุณภาพและดูแลลูกค้า,70000,CEC,091-696-0398,ปข.7
ปจ.นครศรีธรรมราช,80000,CEC,091-696-0403,ปข.8
ปจ.นครศรีธรรมราช,80000,CEC,091-696-0407,ปข.8
ศป.ทุ่งสง,80010,CEC,091-696-0417,ปข.8
ปณภ.ทุ่งสง,80110,CEC,091-696-0418,ปข.8
ปณภ.สิชล,80120,CEC,091-696-0423,ปข.8
ปณภ.ร่อนพิบูลย์,80130,CEC,091-696-0428,ปข.8
ปณภ.ปากพนัง,80140,CEC,091-696-0430,ปข.8
ปณภ.ฉวาง,80150,CEC,091-696-0434,ปข.8
ปณภ.ท่าศาลา,80160,CEC,091-696-0435,ปข.8
ปณภ.หัวไทร,80170,CEC,091-696-0453,ปข.8
ปณภ.ชะอวด,80180,CEC,091-696-0470,ปข.8
ปณภ.เชียรใหญ่,80190,CEC,091-696-0474,ปข.8
ปณภ.ขนอม,80210,CEC,091-696-0475,ปข.8
ปณภ.นาบอน,80220,CEC,091-696-0478,ปข.8
ปณภ.ลานสกา,80230,CEC,091-696-0498,ปข.8
ปณภ.ทุ่งใหญ่,80240,CEC,091-696-0501,ปข.8
ปณภ.คลองจันดี,80250,CEC,091-696-0503,ปข.8
ปณภ.ทานพอ,80260,CEC,091-696-0504,ปข.8
ปณภ.พิปูน,80270,CEC,091-696-0574,ปข.8
ปณภ.เขามหาชัย,80280,CEC,091-696-0581,ปข.8
ปณภ.ชะเมา,80290,CEC,091-696-0586,ปข.8
ปณภ.บ้านพูน,80310,CEC,091-696-0624,ปข.8
ปณภ.พรหมคีรี,80320,CEC,091-696-0625,ปข.8
ปณภ.บางจาก,80330,CEC,091-696-0627,ปข.8
ปณภ.เสาเภา,80340,CEC,091-696-0632,ปข.8
ปณภ.ไม้หลา,80350,CEC,091-696-0635,ปข.8
ปณภ.บางขัน,80360,CEC,091-696-0636,ปข.8
ปณภ.ปากพนังตะวันตก,80370,CEC,091-696-0637,ปข.8
ปจ.กระบี่,81000,CEC,091-696-0639,ปข.8
ปจ.กระบี่,81000,CEC,091-696-0640,ปข.8
ปณภ.อ่าวลึก,81110,CEC,091-696-0641,ปข.8
ปณภ.คลองท่อม,81120,CEC,091-696-0642,ปข.8
ปณภ.เหนือคลอง,81130,CEC,091-696-0645,ปข.8
ปณภ.เขาพนม,81140,CEC,091-696-0646,ปข.8
ปณภ.เกาะลันตา,81150,CEC,091-696-0648,ปข.8
ปณภ.ปลายพระยา,81160,CEC,091-696-0649,ปข.8
ปณภ.คลองพน,81170,CEC,091-696-0657,ปข.8
ปณภ.อ่าวนาง,81180,CEC,091-696-0658,ปข.8
ปณภ.ลำทับ,81190,CEC,091-696-0659,ปข.8
ปณภ.เกาะพีพี,81210,CEC,091-696-0670,ปข.8
ปจ.พังงา,82000,CEC,091-696-0672,ปข.8
ปจ.พังงา,82000,CEC,091-696-0673,ปข.8
ปณภ.ตะกั่วป่า,82110,CEC,091-696-0675,ปข.8
ปณภ.ท้ายเหมือง,82120,CEC,091-696-0680,ปข.8
ปณภ.ตะกั่วทุ่ง,82130,CEC,091-696-0681,ปข.8
ปณภ.โคกกลอย,82140,CEC,091-696-0682,ปข.8
ปณภ.คุระบุรี,82150,CEC,091-696-0683,ปข.8
ปณภ.เกาะยาว,82160,CEC,091-696-0684,ปข.8
ปณภ.กะปง,82170,CEC,091-696-0686,ปข.8
ปณภ.ทับปุด,82180,CEC,091-696-0687,ปข.8
ปณภ.บางม่วง,82190,CEC,091-696-0689,ปข.8
ปณภ.ลำแก่น,82210,CEC,091-696-0691,ปข.8
ปณภ.เขาหลัก,82220,CEC,091-696-0692,ปข.8
ปจ.ภูเก็ต,83000,CEC,091-696-0717,ปข.8
ปจ.ภูเก็ต,83000,CEC,091-696-0718,ปข.8
ปณภ.กะรน,83100,CEC,091-696-0798,ปข.8
ปณภ.ถลาง,83110,CEC,091-696-0803,ปข.8
ปณภ.ถลาง,83110,CEC,091-696-0804,ปข.8
ปณภ.กะทู้,83120,CEC,091-696-0805,ปข.8
ปณภ.ราไวย์,83130,CEC,091-696-0806,ปข.8
ปณภ.ป่าตอง,83150,CEC,091-696-0809,ปข.8
ปจ.สุราษฎร์ธานี,84000,CEC,091-696-0810,ปข.8
ปจ.สุราษฎร์ธานี,84000,CEC,091-696-0812,ปข.8
ปณภ.ขุนทะเล,84100,CEC,091-696-0813,ปข.8
ปณภ.ไชยา,84110,CEC,091-696-0814,ปข.8
ปณภ.บ้านนาสาร,84120,CEC,091-696-0817,ปข.8
ปณภ.พุนพิน,84130,CEC,091-696-0818,ปข.8
ปณภ.เกาะสมุย,84140,CEC,091-696-0819,ปข.8
ปณภ.ท่าฉาง,84150,CEC,091-696-0820,ปข.8
ปณภ.กาญจนดิษฐ์,84160,CEC,091-696-0821,ปข.8
ปณภ.ท่าชนะ,84170,CEC,091-696-0823,ปข.8
ปณภ.คีรีรัฐนิคม,84180,CEC,091-696-0826,ปข.8
ปณภ.บ้านส้อง,84190,CEC,091-696-0901,ปข.8
ปณภ.พระแสง,84210,CEC,091-696-0902,ปข.8
ปณภ.ดอนสัก,84220,CEC,091-696-0903,ปข.8
ปณภ.บ้านตาขุน,84230,CEC,091-696-0904,ปข.8
ปณภ.บ้านนาเดิม,84240,CEC,091-696-0905,ปข.8
ปณภ.พนม,84250,CEC,091-696-0906,ปข.8
ปณภ.เคียนซา,84260,CEC,091-696-0974,ปข.8
ปณภ.พรุพี,84270,CEC,091-696-0975,ปข.8
ปณภ.เกาะพะงัน,84280,CEC,091-696-0978,ปข.8
ปณภ.ท่าทองใหม่,84290,CEC,091-696-0979,ปข.8
ปณภ.ละไม,84310,CEC,091-696-0980,ปข.8
ปณภ.เฉวง,84320,CEC,091-696-0982,ปข.8
ปณภ.แม่น้ำ,84330,CEC,091-696-0984,ปข.8
ปณภ.ปากแพรก,84340,CEC,091-696-0985,ปข.8
ปณภ.ชัยบุรี,84350,CEC,091-696-0986,ปข.8
ปณภ.เกาะเต่า,84360,CEC,091-696-2087,ปข.8
ปณภ.วิภาวดี,84370,CEC,091-696-2090,ปข.8
ปจ.ระนอง,85000,CEC,091-696-2091,ปข.8
ปจ.ระนอง,85000,CEC,091-696-2097,ปข.8
ปณภ.กระบุรี,85110,CEC,091-696-2098,ปข.8
ปณภ.กะเปอร์,85120,CEC,091-696-2101,ปข.8
ปณภ.ละอุ่น,85130,CEC,091-696-2102,ปข.8
ปจ.ชุมพร,86000,CEC,091-696-2103,ปข.8
ปจ.ชุมพร,86000,CEC,091-696-2104,ปข.8
ศป.ชุมพร,86010,CEC,091-696-2106,ปข.8
ปณภ.ทุ่งคา,86100,CEC,091-696-2107,ปข.8
ปณภ.หลังสวน,86110,CEC,091-696-2108,ปข.8
ปณภ.ปากน้ำชุมพร,86120,CEC,091-696-2109,ปข.8
ปณภ.สวี,86130,CEC,091-696-2153,ปข.8
ปณภ.ท่าแซะ,86140,CEC,091-696-2154,ปข.8
ปณภ.ปากน้ำหลังสวน,86150,CEC,091-696-2156,ปข.8
ปณภ.ปะทิว,86160,CEC,091-696-2157,ปข.8
ปณภ.ละแม,86170,CEC,091-696-2261,ปข.8
ปณภ.พะโต๊ะ,86180,CEC,091-696-2263,ปข.8
ปณภ.ปฐมพร,86190,CEC,091-696-2264,ปข.8
ปณภ.มาบอำมฤต,86210,CEC,091-696-2265,ปข.8
ปณภ.ทุ่งตะโก,86220,CEC,091-696-2267,ปข.8
ปณภ.สะพลี,86230,CEC,091-696-2268,ปข.8
ปข.8 ส่วนควบคุมคุณภาพและดูแลลูกค้า,84000,CEC,091-696-2270,ปข.8
ปจ.สตูล,91000,CEC,091-696-2271,ปข.9
ปจ.สตูล,91000,CEC,091-696-2273,ปข.9
ปจ.ตรัง,92000,CEC,091-696-2276,ปข.9
ปจ.ตรัง,92000,CEC,091-696-2278,ปข.9
ปจ.สงขลา,90000,CEC,091-696-2279,ปข.9
ปจ.สงขลา,90000,CEC,091-696-3293,ปข.9
ปจ.พัทลุง,93000,CEC,091-696-3295,ปข.9
ปจ.พัทลุง,93000,CEC,091-696-3296,ปข.9
ปจ.ปัตตานี,94000,CEC,091-696-3297,ปข.9
ปจ.ปัตตานี,94000,CEC,091-696-3298,ปข.9
ปจ.ยะลา,95000,CEC,091-696-3420,ปข.9
ปจ.ยะลา,95000,CEC,091-696-3421,ปข.9
ปจ.นราธิวาส,96000,CEC,091-696-3520,ปข.9
ปจ.นราธิวาส,96000,CEC,091-696-3521,ปข.9
ปณภ.จะนะ,90130,CEC,091-696-3528,ปข.9
ปณภ.รัตภูมิ,90180,CEC,091-696-3529,ปข.9
ปณภ.สะเดา,90120,CEC,091-696-3530,ปข.9
ปณภ.ควนเนียง,90220,CEC,091-696-3531,ปข.9
ปณภ.ทุ่งลุง,90230,CEC,091-696-3536,ปข.9
ปณภ.นาหม่อม,90310,CEC,091-696-3537,ปข.9
ปณภ.บ้านด่านนอก,90320,CEC,091-696-3540,ปข.9
ปณภ.ย่านตาขาว,92140,CEC,091-696-3545,ปข.9
ปณภ.ห้วยยอด,92130,CEC,091-696-3584,ปข.9
ปณภ.ทุ่งยาว,92180,CEC,091-696-3585,ปข.9
ปณภ.วังวิเศษ,92220,CEC,091-696-3586,ปข.9
ปณภ.ปากพะยูน,93120,CEC,091-696-3646,ปข.9
ปณภ.สุคิริน,96190,CEC,091-696-3647,ปข.9
ปณภ.ศรีสาคร,96210,CEC,091-696-3648,ปข.9
ปณภ.ป่าพะยอม,93210,CEC,091-696-3649,ปข.9
ปณภ.นาทวี,90160,CEC,091-696-3650,ปข.9
ปณภ.ระโนด,90140,CEC,091-696-3651,ปข.9
ปณภ.ปาดังเบซาร์,90240,CEC,091-696-3652,ปข.9
ปณภ.สิงหนคร,90280,CEC,091-696-3653,ปข.9
ปณภ.พะวง,90100,CEC,091-696-3784,ปข.9
ปณภ.ละงู,91110,CEC,091-696-3785,ปข.9
ปณภ.กันตัง,92110,CEC,091-696-3935,ปข.9
ปณภ.ควนขนุน,93110,CEC,091-696-3936,ปข.9
ปณภ.ยะรัง,94160,CEC,091-696-3937,ปข.9
ปณภ.หนองจิก,94170,CEC,091-696-3938,ปข.9
ปณภ.มายอ,94140,CEC,091-696-3940,ปข.9
ปณภ.ยะหริ่ง,94150,CEC,091-696-3941,ปข.9
ปณภ.สายบุรี,94110,CEC,091-696-3948,ปข.9
ปณภ.เบตง,95110,CEC,091-696-3949,ปข.9
ปณภ.บันนังสตา,95130,CEC,091-696-3950,ปข.9
ปณภ.ยะหา,95120,CEC,091-696-3978,ปข.9
ปณภ.รามัน,95140,CEC,091-696-3982,ปข.9
ปณภ.ตันหยงมัส,96130,CEC,091-696-3984,ปข.9
ปณภ.ตากใบ,96110,CEC,091-696-3985,ปข.9
ปณภ.บาเจาะ,96170,CEC,091-696-4142,ปข.9
ปณภ.รือเสาะ,96150,CEC,091-696-4143,ปข.9
ปณภ.แว้ง,96160,CEC,091-696-4145,ปข.9
ปณภ.สุไหงปาดี,96140,CEC,091-696-4147,ปข.9
ปณภ.สุไหงโก-ลก,96120,CEC,091-696-4419,ปข.9
ปณภ.คลองแงะ,90170,CEC,091-696-4420,ปข.9
ปณภ.เทพา,90150,CEC,091-696-4425,ปข.9
ปณภ.ลำไพล,90260,CEC,091-696-4426,ปข.9
ปณภ.สทิงพระ,90190,CEC,091-714-9661,ปข.9
ปณภ.สะบ้าย้อย,90210,CEC,091-714-9662,ปข.9
ปณภ.กระแสสินธุ์,90270,CEC,091-808-0591,ปข.9
ปณภ.บ้านพรุ,90250,CEC,091-808-0593,ปข.9
ปณภ.ม่วงงาม,90330,CEC,091-808-0594,ปข.9
ปณภ.ควนกาหลง,91130,CEC,091-808-0595,ปข.9
ปณภ.ทุ่งหว้า,91120,CEC,091-808-0598,ปข.9
ปณภ.ฉลุง,91140,CEC,091-808-0599,ปข.9
ปณภ.ควนโดน,91160,CEC,091-808-0600,ปข.9
ปณภ.ท่าแพ,91150,CEC,091-808-0601,ปข.9
ปณภ.สิเกา,92150,CEC,091-808-0603,ปข.9
ปณภ.ปะเหลียน,92120,CEC,091-808-0605,ปข.9
ปณภ.นาโยง,92170,CEC,091-808-0607,ปข.9
ปณภ.คลองปาง,92160,CEC,091-808-0608,ปข.9
ปณภ.นาวง,92210,CEC,091-808-0609,ปข.9
ปณภ.ลำภูรา,92190,CEC,091-808-0612,ปข.9
ปณภ.เขาชัยสน,93130,CEC,091-808-0613,ปข.9
ปณภ.กงหรา,93180,CEC,091-808-0614,ปข.9
ปณภ.แม่ขรี,93160,CEC,091-808-0618,ปข.9
ปณภ.ป่าบอน,93170,CEC,091-808-0621,ปข.9
ปณภ.ปากคลอง,93150,CEC,091-808-0622,ปข.9
ปณภ.บางแก้ว,93140,CEC,091-808-0628,ปข.9
ปณภ.ศรีบรรพต,93190,CEC,091-808-0631,ปข.9
ปณภ.โคกโพธิ์,94120,CEC,091-808-0632,ปข.9
ปณภ.ปะนาเระ,94130,CEC,091-808-0633,ปข.9
ปณภ.ปาลัส,94190,CEC,091-808-0635,ปข.9
ปณภ.นาประดู่,94180,CEC,091-808-0638,ปข.9
ปณภ.ไม้แก่น,94220,CEC,091-808-0639,ปข.9
ปณภ.กะพ้อ,94230,CEC,091-808-0644,ปข.9
ปณภ.ธารโต,95150,CEC,091-808-0646,ปข.9
ปณภ.ลำใหม่,95160,CEC,091-808-0647,ปข.9
ปณภ.แม่หวาด,95170,CEC,091-808-0649,ปข.9
ปณภ.ดุซงญอ,96220,CEC,091-808-0651,ปข.9
ปณภ.ยี่งอ,96180,CEC,091-808-0653,ปข.9
ปณศ.หาดใหญ่,90110,CEC,091-808-0655,ปข.9
ปณศ.หาดใหญ่,90110,CEC,091-808-0656,ปข.9
ศป.หาดใหญ่,90010,CEC,091-808-0657,ปข.9
ปข.9 ส่วนควบคุมคุณภาพและดูแลลูกค้า,90110,CEC,091-808-0665,ปข.9
ปจ.ศรีสะเกษ,33000,CEC,091-808-0782,ปข.10
ปจ.ศรีสะเกษ,33000,CEC,091-808-0786,ปข.10
ปณภ.กันทรลักษ์,33110,CEC,091-808-0787,ปข.10
ปณภ.อุทุมพรพิสัย,33120,CEC,091-808-0817,ปข.10
ปณภ.กันทรารมย์,33130,CEC,091-808-0819,ปข.10
ปณภ.ขุขันธ์,33140,CEC,091-808-0821,ปข.10
ปณภ.ขุนหาญ,33150,CEC,091-808-0823,ปข.10
ปณภ.ราษีไศล,33160,CEC,091-808-0828,ปข.10
ปณภ.ปรางค์กู่,33170,CEC,091-808-0834,ปข.10
ปณภ.ไพรบึง,33180,CEC,091-808-0835,ปข.10
ปณภ.ยางชุมน้อย,33190,CEC,091-808-0836,ปข.10
ปณภ.ห้วยทับทัน,33210,CEC,091-808-0867,ปข.10
ปณภ.บึงบูรพ์,33220,CEC,091-808-0869,ปข.10
ปณภ.พยุห์,33230,CEC,091-808-0870,ปข.10
ปณภ.ศรีรัตนะ,33240,CEC,091-808-0873,ปข.10
ปณภ.โนนคูณ,33250,CEC,091-808-0874,ปข.10
ปณภ.วังหิน,33270,CEC,091-808-0875,ปข.10
ปจ.อุบลราชธานี,34000,CEC,095-207-5471,ปข.10
ปจ.อุบลราชธานี,34000,CEC,091-808-0879,ปข.10
ศป.อุบลราชธานี,34010,CEC,091-808-0925,ปข.10
ปณภ.พิบูลมังสาหาร,34110,CEC,091-808-0926,ปข.10
ปณภ.ตระการพืชผล,34130,CEC,091-808-0927,ปข.10
ปณภ.ม่วงสามสิบ,34140,CEC,091-808-0930,ปข.10
ปณภ.เขื่องใน,34150,CEC,091-808-0931,ปข.10
ปณภ.เดชอุดม,34160,CEC,091-808-0933,ปข.10
ปณภ.เขมราฐ,34170,CEC,091-808-0934,ปข.10
ปณภ.วารินชำราบ,34190,CEC,091-808-0935,ปข.10
ปณภ.โขงเจียม,34220,CEC,091-808-0938,ปข.10
ปณภ.บุณฑริก,34230,CEC,091-808-0952,ปข.10
ปณภ.ศรีเมืองใหม่,34250,CEC,091-808-0953,ปข.10
ปณภ.น้ำยืน,34260,CEC,091-808-0954,ปข.10
ปณภ.กุดข้าวปุ้น,34270,CEC,091-808-0956,ปข.10
ปณภ.นาจะหลวย,34280,CEC,091-808-0957,ปข.10
ปณภ.ห้วยขะยุง,34310,CEC,091-808-0959,ปข.10
ปณภ.บ้านกอก,34320,CEC,091-808-0972,ปข.10
ปณภ.ตาลสุม,34330,CEC,091-808-0973,ปข.10
ปณภ.โพธิ์ไทร,34340,CEC,091-808-0974,ปข.10
ปณภ.สิรินธร,34350,CEC,091-808-0975,ปข.10
ปณภ.บ้านสำโรง,34360,CEC,093-809-0238,ปข.10
ปจ.ยโสธร,35000,CEC,091-808-0822,ปข.10
ปจ.ยโสธร,35000,CEC,093-809-0239,ปข.10
ปณภ.คำเขื่อนแก้ว,35110,CEC,093-809-0362,ปข.10
ปณภ.เลิงนกทา,35120,CEC,093-809-0363,ปข.10
ปณภ.มหาชนะชัย,35130,CEC,093-809-0365,ปข.10
ปณภ.กุดชุม,35140,CEC,093-809-8371,ปข.10
ปณภ.ป่าติ้ว,35150,CEC,093-809-8372,ปข.10
ปณภ.ค้อวัง,35160,CEC,093-809-8373,ปข.10
ปณภ.ทรายมูล,35170,CEC,093-809-8374,ปข.10
ปณภ.ดงแคนใหญ่,35180,CEC,093-809-8375,ปข.10
ปจ.อำนาจเจริญ,37000,CEC,091-808-0818,ปข.10
ปจ.อำนาจเจริญ,37000,CEC,093-809-8376,ปข.10
ปณภ.ปทุมราชวงศา,37110,CEC,094-232-7440,ปข.10
ปณภ.ลืออำนาจ,37120,CEC,094-232-7442,ปข.10
ปณภ.พนา,37180,CEC,094-232-7443,ปข.10
ปณภ.ชานุมาน,37210,CEC,094-232-7445,ปข.10
ปณภ.หัวตะพาน,37240,CEC,094-232-7446,ปข.10
ปณภ.เสนางคนิคม,37290,CEC,095-204-0457,ปข.10
ปจ.สกลนคร,47000,CEC,091-808-0825,ปข.10
ปจ.สกลนคร,47000,CEC,095-204-0458,ปข.10
ปณภ.สว่างแดนดิน,47110,CEC,095-204-0459,ปข.10
ปณภ.วานรนิวาส,47120,CEC,095-207-5030,ปข.10
ปณภ.พรรณานิคม,47130,CEC,095-207-5031,ปข.10
ปณภ.บ้านม่วง,47140,CEC,095-207-5032,ปข.10
ปณภ.วาริชภูมิ,47150,CEC,095-207-5034,ปข.10
ปณภ.พังโคน,47160,CEC,095-207-5035,ปข.10
ปณภ.อากาศอำนวย,47170,CEC,095-207-5036,ปข.10
ปณภ.กุดบาก,47180,CEC,095-207-5037,ปข.10
ปณภ.ส่องดาว,47190,CEC,095-207-5038,ปข.10
ปณภ.กุสุมาลย์,47210,CEC,095-207-5039,ปข.10
ปณภ.ดงมะไฟ,47220,CEC,095-207-5461,ปข.10
ปณภ.ท่าแร่,47230,CEC,095-207-5462,ปข.10
ปณภ.ดอนเขือง,47240,CEC,095-207-5463,ปข.10
ปณภ.คำตากล้า,47250,CEC,095-207-5464,ปข.10
ปณภ.เต่างอย,47260,CEC,095-207-5465,ปข.10
ปณภ.นิคมน้ำอูน,47270,CEC,095-207-5467,ปข.10
ปณภ.โคกศรีสุพรรณ,47280,CEC,095-207-5468,ปข.10
ปณภ.เจริญศิลป์,47290,CEC,095-207-5469,ปข.10
ปณภ.ภูพาน,47310,CEC,095-207-5470,ปข.10
ปจ.นครพนม,48000,CEC,091-808-0815,ปข.10
ปจ.นครพนม,48000,CEC,095-207-5473,ปข.10
ปณภ.ธาตุพนม,48110,CEC,095-207-5474,ปข.10
ปณภ.ท่าอุเทน,48120,CEC,095-207-5475,ปข.10
ปณภ.นาแก,48130,CEC,095-207-5530,ปข.10
ปณภ.บ้านแพง,48140,CEC,095-207-5579,ปข.10
ปณภ.ศรีสงคราม,48150,CEC,095-207-5580,ปข.10
ปณภ.ปลาปาก,48160,CEC,095-207-5581,ปข.10
ปณภ.เรณูนคร,48170,CEC,095-207-5582,ปข.10
ปณภ.นาหว้า,48180,CEC,095-207-5620,ปข.10
ปณภ.โพนสวรรค์,48190,CEC,095-207-5621,ปข.10
ปจ.มุกดาหาร,49000,CEC,091-808-0820,ปข.10
ปจ.มุกดาหาร,49000,CEC,095-207-5623,ปข.10
ปณภ.คำชะอี,49110,CEC,095-207-5624,ปข.10
ปณภ.ดอนตาล,49120,CEC,095-207-5627,ปข.10
ปณภ.นิคมคำสร้อย,49130,CEC,095-207-5628,ปข.10
ปณภ.ดงหลวง,49140,CEC,095-207-5629,ปข.10
ปณภ.หว้านใหญ่,49150,CEC,095-207-5630,ปข.10
ปณภ.หนองสูง,49160,CEC,095-207-5631,ปข.10
ศป.สกลนคร,47010,CEC,088-987-9228,ปข.10
ปข.10 ส่วนควบคุมคุณภาพและดูแลลูกค้า,34000,CEC,095-207-5632,ปข.10